date,close_px,volume_base,peg,dev,abs_dev,is_offpeg,depeg,ret,ret_lag1,ret_lag2,ret_lag3,ret_vol_7,ret_vol_14,ret_vol_30,volume_lag1,volume_lag3,volume_vol_7,volume_vol_14,logit_prob,rf_prob
2025-07-24,1.00041,414974127.2874613,1.0,0.00041,0.00041,0,0.0,4.9980757418907845e-05,-3.998480577917317e-05,0.000109962063199,-0.000109962063199,8.595912434275715e-05,0.0001633962363803,0.0001450183923504,345414810.82027566,266708340.72619745,129803097.18135276,135137051.1639898,0.008437844824270676,0.0
2025-07-25,1.00006,433640688.1064377,1.0,5.999999999994898e-05,5.999999999994898e-05,0,0.0,-0.0003499177728946,4.9980757418907845e-05,-3.998480577917317e-05,0.000109962063199,0.0001460050446358,0.0001784320361614,0.0001580005354196,414974127.2874613,398660311.68240976,94014070.1651756,135121319.8068233,0.006306654579154271,0.0
2025-07-26,1.00025,390859740.5577562,1.0,0.00025,0.00025,0,0.0,0.0001899705551354,-0.0003499177728946,4.9980757418907845e-05,-3.998480577917317e-05,0.0001754982719336,0.0001862404125028,0.0001606782423603,433640688.1064377,345414810.82027566,95454026.3163,122076273.51017384,0.009974658676815662,0.0021675485008818343
2025-07-27,1.00024,125138905.75156131,1.0,0.00024,0.00024,0,0.0,-9.997550600251732e-06,0.0001899705551354,-0.0003499177728946,4.9980757418907845e-05,0.0001747648795244,0.0001844925391787,0.000160652864105,390859740.5577562,414974127.2874613,109529823.9634558,131703629.52539164,0.003908555250412047,0.0033333333333333335
2025-07-28,0.99998,184658913.89861408,1.0,-2.000000000002e-05,2.000000000002e-05,0,0.0,-0.0002599714046098,-9.997550600251732e-06,0.0001899705551354,-0.0003499177728946,0.0001952263610541,0.0001874498776065,0.0001671181126139,125138905.75156131,433640688.1064377,122249908.98557793,139619045.57437956,0.003234103239554659,0.0004728589426362491
2025-07-29,0.99981,318046111.04924047,1.0,-0.00019,0.00019,0,0.0,-0.0001700178522839,-0.0002599714046098,-9.997550600251732e-06,0.0001899705551354,0.0001868605272132,0.0001923923275528,0.0001677374139203,184658913.89861408,390859740.5577562,118171463.821984,140122216.4789482,0.006106534433684074,2.469135802469136e-05
2025-07-30,0.99989,163827530.36293393,1.0,-0.00011,0.00011,0,0.0,8.001200184292491e-05,-0.0001700178522839,-0.0002599714046098,-9.997550600251732e-06,0.0001968388309732,0.0001659330858055,0.0001681986087079,318046111.04924047,125138905.75156131,130003641.40496428,133979183.225343,0.0014075988751517516,2.469135802469136e-05
2025-07-31,0.99985,188084967.2464924,1.0,-0.0001499999999999,0.0001499999999999,0,0.0,-4.000520068135227e-05,8.001200184292491e-05,-0.0001700178522839,-0.0002599714046098,0.0001907600551492,0.0001441118659879,0.0001674386060366,163827530.36293393,184658913.89861408,121719633.08588567,132917953.41488329,0.0021049848109225325,0.0035362318840579713
2025-08-01,0.99947,222118151.8847117,1.0,-0.00053,0.00053,0,0.0,-0.0003801292485203,-4.000520068135227e-05,8.001200184292491e-05,-0.0001700178522839,0.0001980860887179,0.0001674573723419,0.0001740038969188,188084967.2464924,318046111.04924047,93839259.70985097,108135570.33154763,0.015150022715222502,0.0001666666666666667
2025-08-02,0.99969,68232471.65458667,1.0,-0.00031,0.00031,0,0.0,0.0002200924397127,-0.0003801292485203,-4.000520068135227e-05,8.001200184292491e-05,0.0002052355256711,0.0001851796201562,0.0001796507379974,222118151.8847117,163827530.36293393,78173328.02067636,119530947.90798612,0.005892204921729723,0.02661199294532628
2025-08-03,1.00002,48886600.53685191,1.0,1.999999999990898e-05,1.999999999990898e-05,0,0.0,0.0003300478599352,0.0002200924397127,-0.0003801292485203,-4.000520068135227e-05,0.0002580218230019,0.0002117628357869,0.0001901175337746,68232471.65458667,188084967.2464924,91503155.28406264,130659551.30739751,0.0012172948515369842,1.3550135501355015e-05
2025-08-04,0.99979,148568396.04015908,1.0,-0.00021,0.00021,0,0.0,-0.0002300218530901,0.0003300478599352,0.0002200924397127,-0.0003801292485203,0.0002538144491967,0.0002177221447049,0.000194481821941,48886600.53685191,222118151.8847117,91592455.9299584,133622884.4017458,0.004735469045927069,0.0004728589426362491
2025-08-05,0.99987,177252666.4755508,1.0,-0.0001299999999999,0.0001299999999999,0,0.0,8.001360235516158e-05,-0.0002300218530901,0.0003300478599352,0.0002200924397127,0.0002478812326844,0.0002163233843071,0.0001947372988155,148568396.04015908,68232471.65458667,63693866.40571553,127176564.12981156,0.003763982479291892,0.0033580246913580245
2025-08-06,1.00013,127639038.9654295,1.0,0.0001299999999999,0.0001299999999999,0,0.0,0.0002600000014645,8.001360235516158e-05,-0.0002300218530901,0.0003300478599352,0.0002652529474585,0.0002304892541453,0.0002002589925944,177252666.4755508,48886600.53685191,63405663.69619755,125370809.3509419,0.001907245532525794,0.0
2025-08-07,1.00018,389326467.692644,1.0,0.00018,0.00018,0,0.0,4.999225121158114e-05,0.0002600000014645,8.001360235516158e-05,-0.0002300218530901,0.000263225282605,0.000230489508891,0.0001992742775706,127639038.9654295,148568396.04015908,114121838.27463312,122377745.26927236,0.002547417860531224,0.0002164486862259927
2025-08-08,1.00006,260865900.2959793,1.0,5.999999999994898e-05,5.999999999994898e-05,0,0.0,-0.0001199856018718,4.999225121158114e-05,0.0002600000014645,8.001360235516158e-05,0.0002047064226888,0.0002123786202071,0.0001975720700948,389326467.692644,177252666.4755508,118009104.71861936,106074837.97131462,0.0013305307096060227,0.0033333333333333335
2025-08-09,1.00021,106924454.80635336,1.0,0.00021,0.00021,0,0.0,0.0001499797530146,-0.0001199856018718,4.999225121158114e-05,0.0002600000014645,0.0001985787332964,0.0002098812300599,0.0001936585594162,260865900.2959793,127639038.9654295,113007924.07750888,93355916.32638176,0.0010001902418877613,0.0
2025-08-10,1.00013,94221602.66430876,1.0,0.0001299999999999,0.0001299999999999,0,0.0,-7.998640235433192e-05,0.0001499797530146,-0.0001199856018718,4.999225121158114e-05,0.0001688053310575,0.0002108954973066,0.0001886296073299,106924454.80635336,389326467.692644,105281602.79815172,95119940.5037786,0.0015024705315332247,1.3550135501355015e-05
2025-08-11,1.00001,344006927.34585345,1.0,1.0000000000065512e-05,1.0000000000065512e-05,0,0.0,-0.0001199916007318,-7.998640235433192e-05,0.0001499797530146,-0.0001199856018718,0.00014564340782,0.0002011146578615,0.0001896356524042,94221602.66430876,260865900.2959793,118643364.81118795,104943297.68488672,0.001618791914779102,1.3550135501355015e-05
2025-08-12,0.99979,202389990.57588395,1.0,-0.00021,0.00021,0,0.0,-0.0002200220030879,-0.0001199916007318,-7.998640235433192e-05,0.0001499797530146,0.0001709193722746,0.0002048173084881,0.0001925736327192,344006927.34585345,106924454.80635336,117711212.87981,98425869.6912714,0.0014954639559151919,0.0
2025-08-13,1.00024,384258794.98328966,1.0,0.00024,0.00024,0,0.0,0.0004499932576947,-0.0002200220030879,-0.0001199916007318,-7.998640235433192e-05,0.0002270687071994,0.0002374096459279,0.0002062540851595,202389990.57588395,94221602.66430876,124666662.46938176,112052603.29508293,0.002340034824294229,0.011309225892559227
2025-08-14,1.00063,651496695.2387403,1.0,0.0006299999999999,0.0006299999999999,0,0.0,0.0003898304287023,0.0004499932576947,-0.0002200220030879,-0.0001199916007318,0.0002682202149499,0.0002554638818739,0.0002177214925038,384258794.98328966,344006927.34585345,192709977.9489983,165030873.75322902,0.01252031630355625,0.03166454570333881
2025-08-15,1.00058,396266785.3814761,1.0,0.00058,0.00058,0,0.0,-4.996976830046575e-05,0.0003898304287023,0.0004499932576947,-0.0002200220030879,0.0002614237387457,0.0002256333992279,0.0002093809037822,651496695.2387403,202389990.57588395,195831402.07177973,170816987.58565515,0.007492525760948876,0.016869565217391306
2025-08-16,1.00056,387476484.6741784,1.0,0.0005599999999998,0.0005599999999998,0,0.0,-1.9988606495094783e-05,-4.996976830046575e-05,0.0003898304287023,0.0004499932576947,0.0002611121006906,0.0002232188379709,0.0002042771029647,396266785.3814761,384258794.98328966,174571676.86696208,166974344.75024322,0.009562972293553849,0.0033333333333333335
2025-08-17,1.00056,216347362.25277328,1.0,0.0005599999999998,0.0005599999999998,0,0.0,0.0,-1.9988606495094783e-05,-4.996976830046575e-05,0.0003898304287023,0.0002561802143147,0.0002097707791395,0.0002028657669415,387476484.6741784,651496695.2387403,148777443.73890415,155878505.66169327,0.014835263916958547,0.0033333333333333335
2025-08-18,1.00043,297307224.52694774,1.0,0.0004299999999999,0.0004299999999999,0,0.0,-0.0001299356820202,0.0,-1.9988606495094783e-05,-4.996976830046575e-05,0.0002573785358032,0.0002014539751771,0.0002040847362507,216347362.25277328,396266785.3814761,151108082.33366203,151408964.03852314,0.006543722377872947,0.0
2025-08-19,0.99981,264314512.78239027,1.0,-0.00019,0.00019,0,0.0,-0.0006199256287804,-0.0001299356820202,0.0,-1.9988606495094783e-05,0.0003555493679285,0.0002681112349995,0.0002330998927983,297307224.52694774,387476484.6741784,141712091.9955583,148253516.60000634,0.004343680968339662,9.715512614063338e-05
2025-08-20,1.00002,244305607.55707845,1.0,1.999999999990898e-05,1.999999999990898e-05,0,0.0,0.0002100178522892,-0.0006199256287804,-0.0001299356820202,0.0,0.0003144440495622,0.0002646315018346,0.0002361266999448,264314512.78239027,216347362.25277328,149214697.59179577,141267796.10639897,0.0015704654109896237,0.031893331976665315
2025-08-21,0.9997,149938596.9467116,1.0,-0.0002999999999999,0.0002999999999999,0,0.0,-0.0003200448090045,0.0002100178522892,-0.0006199256287804,-0.0001299356820202,0.0002668043509069,0.0002766172452874,0.0002416433182402,244305607.55707845,297307224.52694774,89306695.87244235,144443943.70599136,0.008346454484520302,0.0001666666666666667
2025-08-22,0.9997,190990229.5607468,1.0,-0.0002999999999999,0.0002999999999999,0,0.0,0.0,-0.0003200448090045,0.0002100178522892,-0.0006199256287804,0.0002700398652417,0.0002756147693055,0.0002416585715657,149938596.9467116,264314512.78239027,77461775.59204848,146560657.26425174,0.024419444166823453,0.003560923242082662
2025-08-23,0.99956,58250414.12085703,1.0,-0.0004399999999999,0.0004399999999999,0,0.0,-0.000140051819402,0.0,-0.0003200448090045,0.0002100178522892,0.0002659892640387,0.0002722724807308,0.0002421967423592,190990229.5607468,244305607.55707845,80051845.30903454,151495135.68675482,0.013680943593867368,0.0
2025-08-24,0.99977,121991683.2406431,1.0,-0.0002299999999999,0.0002299999999999,0,0.0,0.0002100703743477,-0.000140051819402,0.0,-0.0003200448090045,0.0002950546789665,0.0002804363541564,0.0002381021196022,58250414.12085703,149938596.9467116,85219681.30599912,149076767.47137272,0.0076451610080683925,0.0057966955998062395
2025-08-25,1.00011,241875687.5112621,1.0,0.00011,0.00011,0,0.0,0.0003400204045,0.0002100703743477,-0.000140051819402,0.0,0.0003404852511722,0.0002951060948182,0.0002439447179371,121991683.2406431,190990229.5607468,75570831.9470847,148159602.5145885,0.00467218776037814,0.003419347236950631
2025-08-26,1.00009,256295937.87576985,1.0,8.999999999992347e-05,8.999999999992347e-05,0,0.0,-1.9998000200777485e-05,0.0003400204045,0.0002100703743477,-0.000140051819402,0.0002291625796988,0.0002880189615472,0.000243959087264,241875687.5112621,58250414.12085703,74156793.67209797,146908152.39467198,0.004527567640926084,0.0001666666666666667
2025-08-27,0.99996,160593197.10915765,1.0,-4.000000000004e-05,4.000000000004e-05,0,0.0,-0.0001299967502642,-1.9998000200777485e-05,0.0003400204045,0.0002100703743477,0.0002230737578449,0.0002621874952469,0.0002404030734353,256295937.87576985,121991683.2406431,68705821.50919434,146366078.13413423,0.004195985922691623,0.0
2025-08-28,0.99999,179902918.95991433,1.0,-9.99999999995449e-06,9.99999999995449e-06,0,0.0,3.000075002108616e-05,-0.0001299967502642,-1.9998000200777485e-05,0.0003400204045,0.000175849869059,0.0002351663605713,0.0002383088829286,160593197.10915765,241875687.5112621,68284263.69101688,94294026.46707135,0.0018870579138594462,2.469135802469136e-05
2025-08-29,1.00001,172071263.4954682,1.0,1.0000000000065512e-05,1.0000000000065512e-05,0,0.0,2.0000000000686664e-05,3.000075002108616e-05,-0.0001299967502642,-1.9998000200777485e-05,0.0001752258143394,0.0002358112675967,0.0002379177512469,179902918.95991433,256295937.87576985,67819097.77673598,81322936.47545077,0.0017617781757232403,0.0
2025-08-30,1.00001,57122624.7826184,1.0,1.0000000000065512e-05,1.0000000000065512e-05,0,0.0,0.0,2.0000000000686664e-05,3.000075002108616e-05,-0.0001299967502642,0.0001577981527372,0.0002360067602455,0.0002377746697379,172071263.4954682,160593197.10915765,68129834.95535155,73448663.8129342,0.0011401481408156392,0.0001666666666666667
2025-08-31,1.0,60839054.50906238,1.0,0.0,0.0,0,0.0,-9.99995000039884e-06,0.0,2.0000000000686664e-05,3.000075002108616e-05,0.0001453467768264,0.0002358938566979,0.0002264153888872,57122624.7826184,179902918.95991433,78448031.85268638,80053092.79920171,0.0009199492962747914,1.3550135501355015e-05
2025-09-01,0.99992,150647686.68698457,1.0,-7.999999999996898e-05,7.999999999996898e-05,0,0.0,-8.000320017064589e-05,-9.99995000039884e-06,0.0,2.0000000000686664e-05,5.765217971211109e-05,0.0002348042511627,0.0002237777552428,60839054.50906238,172071263.4954682,69935981.32132153,72073458.81462835,0.0016357222193865038,1.3550135501355015e-05
2025-09-02,0.99997,219009059.7775513,1.0,-2.999999999997449e-05,2.999999999997449e-05,0,0.0,5.00027501616712e-05,-8.000320017064589e-05,-9.99995000039884e-06,0.0,6.473402853645747e-05,0.0001644723638673,0.0002155560092639,150647686.68698457,57122624.7826184,61206751.38383462,68180195.69693945,0.0012688324212731192,0.00020833333333333335
2025-09-03,1.00025,170527784.7850378,1.0,0.00025,0.00025,0,0.0,0.0002799692052164,5.00027501616712e-05,-8.000320017064589e-05,-9.99995000039884e-06,0.0001130426347687,0.0001718657213133,0.0002170309358565,219009059.7775513,60839054.50906238,61798150.54012096,64029327.28947589,0.0018104336892620107,0.00020833333333333335
2025-09-04,1.00001,292403322.17099935,1.0,1.0000000000065512e-05,1.0000000000065512e-05,0,0.0,-0.000239968805207,0.0002799692052164,5.00027501616712e-05,-8.000320017064589e-05,0.0001556231701612,0.0001607815915527,0.0002215581870384,170527784.7850378,150647686.68698457,83438990.18095492,73533327.80951326,0.0009806421118214788,0.0
2025-09-05,1.00001,205995317.87471104,1.0,1.0000000000065512e-05,1.0000000000065512e-05,0,0.0,0.0,-0.000239968805207,0.0002799692052164,5.00027501616712e-05,0.0001554394680699,0.0001607815915527,0.0002162474919322,292403322.17099935,219009059.7775513,85198235.64264193,74023759.303614,0.0013936088679333439,2.469135802469136e-05
2025-09-06,1.00016,49892205.87484737,1.0,0.0001599999999999,0.0001599999999999,0,0.0,0.0001499872513647,0.0,-0.000239968805207,0.0002799692052164,0.0001654544275663,0.0001569139435763,0.000217872939058,205995317.87471104,170527784.7850378,86756781.96986169,75001470.52465627,0.0008324341313891484,0.0
2025-09-07,0.9999,56176672.91947066,1.0,-9.9999999999989e-05,9.9999999999989e-05,0,0.0,-0.0002599922016984,0.0001499872513647,0.0,-0.000239968805207,0.0001972865836883,0.0001682640196861,0.000221977730419,49892205.87484737,292403322.17099935,87695277.39159483,79944936.3333894,0.0013411692959877032,0.0004728589426362491
2025-09-08,0.99999,269154650.66734344,1.0,-9.99999999995449e-06,9.99999999995449e-06,0,0.0,9.000495033305951e-05,-0.0002599922016984,0.0001499872513647,0.0,0.0001983099455235,0.0001416203572163,0.0002207976599678,56176672.91947066,205995317.87471104,95854989.02425706,82328370.71907589,0.0011687626500197753,3.8241493526046373e-05
2025-09-09,0.99995,224522950.25801,1.0,-4.999999999999449e-05,4.999999999999449e-05,0,0.0,-4.0001200041374896e-05,9.000495033305951e-05,-0.0002599922016984,0.0001499872513647,0.0001982018094091,0.000141845238819,0.0002204643971046,269154650.66734344,49892205.87484737,96246506.33813909,80003312.425331,0.0006064913852051059,0.0033333333333333335
2025-09-10,1.00016,222499600.8832816,1.0,0.0001599999999999,0.0001599999999999,0,0.0,0.0002099884514067,-4.0001200041374896e-05,9.000495033305951e-05,-0.0002599922016984,0.0001827186435597,0.0001486607060194,0.0002228002946742,224522950.25801,56176672.91947066,97281534.10718566,81610602.30261458,0.0013062673518853582,0.00020289855072463768
2025-09-11,1.0003,388757688.0026629,1.0,0.0002999999999999,0.0002999999999999,0,0.0,0.0001399678076328,0.0002099884514067,-4.0001200041374896e-05,9.000495033305951e-05,0.0001588860609489,0.0001524127791664,0.0002199389512179,222499600.8832816,269154650.66734344,118835740.58831416,101030798.18119144,0.0029403190444838544,0.0033333333333333335
2025-09-12,1.00055,559480395.6090115,1.0,0.00055,0.00055,0,0.0,0.0002498937964375,0.0001399678076328,0.0002099884514067,-4.0001200041374896e-05,0.0001752580608357,0.000164100768776,0.0002091231710168,388757688.0026629,224522950.25801,179979041.5094788,142728933.87636298,0.006888532839907763,0.01
2025-09-13,1.00047,282607579.6200792,1.0,0.0004699999999999,0.0004699999999999,0,0.0,-7.995922084007474e-05,0.0002498937964375,0.0001399678076328,0.0002099884514067,0.0001807869504385,0.0001669134198414,0.000196961106058,559480395.6090115,222499600.8832816,156138948.79439378,136865078.76216158,0.0036385918128102345,0.0
2025-09-14,1.00031,223572164.82748023,1.0,0.00031,0.00031,0,0.0,-0.0001599376246673,-7.995922084007474e-05,0.0002498937964375,0.0001399678076328,0.0001548108039326,0.0001745116453675,0.0001988349050395,282607579.6200792,388757688.0026629,124695826.21980584,128488206.60475916,0.005122953799738012,0.0
2025-09-15,1.00016,296014539.79856867,1.0,0.0001599999999999,0.0001599999999999,0,0.0,-0.0001499647585629,-0.0001599376246673,-7.995922084007474e-05,0.0002498937964375,0.0001722731067039,0.0001786150147294,0.0002004918514163,223572164.82748023,559480395.6090115,123635158.01078272,126853525.0371412,0.004792307189943138,2.469135802469136e-05
2025-09-16,1.00019,342614671.1723857,1.0,0.0001899999999999,0.0001899999999999,0,0.0,2.999475092081255e-05,-0.0001499647585629,-0.0001599376246673,-7.995922084007474e-05,0.0001699354100055,0.0001784117929462,0.0002006353494325,296014539.79856867,282607579.6200792,117297858.52747378,129024393.63825656,0.004234112245993658,2.469135802469136e-05
2025-09-17,1.00022,325503405.59451926,1.0,0.0002200000000001,0.0002200000000001,0,0.0,2.999385126293671e-05,2.999475092081255e-05,-0.0001499647585629,-0.0001599376246673,0.0001515399133994,0.0001616523315284,0.0001995243462244,342614671.1723857,223572164.82748023,107500147.3840158,127767714.5901484,0.004473689683643389,0.0001666666666666667
2025-09-18,1.00024,339487535.56764424,1.0,0.00024,0.00024,0,0.0,1.999540105833192e-05,2.999385126293671e-05,2.999475092081255e-05,-0.0001499647585629,0.000140591004476,0.0001464478402438,0.0001625112227217,325503405.59451926,296014539.79856867,105795817.37240548,129098167.45193344,0.00599517531877333,0.0001666666666666667
2025-09-19,1.00031,222572635.82010448,1.0,0.00031,0.00031,0,0.0,6.998075532086887e-05,1.999540105833192e-05,2.999385126293671e-05,2.999475092081255e-05,9.428493028210686e-05,0.0001470371557157,0.0001586622363981,339487535.56764424,342614671.1723857,50870647.679456286,128536326.68086553,0.015657186725660827,0.00020833333333333335
2025-09-20,1.00029,312693890.2174706,1.0,0.0002899999999999,0.0002899999999999,0,0.0,-1.999400180025722e-05,6.998075532086887e-05,1.999540105833192e-05,2.999385126293671e-05,9.21417525110954e-05,0.0001425543153368,0.0001461231756388,222572635.82010448,325503405.59451926,51377029.15558617,111756829.41231334,0.010934968047828446,0.00020833333333333335
2025-09-21,1.00029,181130170.0717366,1.0,0.0002899999999999,0.0002899999999999,0,0.0,0.0,-1.999400180025722e-05,6.998075532086887e-05,1.999540105833192e-05,7.062638636647801e-05,0.0001199137380629,0.0001461231756388,312693890.2174706,339487535.56764424,62468459.56426303,95405088.33526552,0.006483178683527787,0.00020833333333333335
2025-09-22,1.00061,552238610.7886794,1.0,0.0006099999999999,0.0006099999999999,0,0.0,0.0003198560674979,0.0,-1.999400180025722e-05,6.998075532086887e-05,0.000116116171812,0.0001426559919883,0.0001527631221403,181130170.0717366,222572635.82010448,117968158.29505932,116241196.80563302,0.01107064140711934,0.010114942528735632
2025-09-23,1.00004,264135904.1751673,1.0,4.000000000004e-05,4.000000000004e-05,0,0.0,-0.0005698148256043,0.0003198560674979,0.0,-1.999400180025722e-05,0.0002678245091553,0.0002174167314787,0.000184916872717,552238610.7886794,312693890.2174706,119750475.99048936,114214617.99026103,0.0015454376422005096,0.0
2025-09-24,1.00023,260052088.84896165,1.0,0.0002299999999999,0.0002299999999999,0,0.0,0.0001899743540335,-0.0005698148256043,0.0003198560674979,0.0,0.0002795143698104,0.0002160367268974,0.0001775368101039,264135904.1751673,181130170.0717366,121245397.03353035,112110087.79510714,0.002665138513103571,0.0291790462623796
2025-09-25,1.00027,302004107.635838,1.0,0.0002699999999999,0.0002699999999999,0,0.0,3.999000250474449e-05,0.0001899743540335,-0.0005698148256043,0.0003198560674979,0.0002798377074977,0.0002128611145922,0.0001775950212037,260052088.84896165,552238610.7886794,120272432.41207492,110707372.80298586,0.003219148827772531,0.0
2025-09-26,1.00036,446623298.77522326,1.0,0.0003599999999999,0.0003599999999999,0,0.0,8.997165898805401e-05,3.999000250474449e-05,0.0001899743540335,-0.0005698148256043,0.0002807205166239,0.0002023257304897,0.0001763229290123,302004107.635838,264135904.1751673,126132219.65079574,94805956.60552114,0.004667278229055338,0.005830917874396135
2025-09-27,1.00023,213731390.15929,1.0,0.0002299999999999,0.0002299999999999,0,0.0,-0.0001299616614927,8.997165898805401e-05,3.999000250474449e-05,0.0001899743540335,0.0002855279348193,0.0002040221503013,0.0001782100196063,446623298.77522326,260052088.84896165,133869871.08209208,98111142.05989826,0.0011851372270449772,7.246376811594203e-05
2025-09-28,1.00011,110216236.5255708,1.0,0.00011,0.00011,0,0.0,-0.0001199796036112,-0.0001299616614927,8.997165898805401e-05,3.999000250474449e-05,0.0002885133192956,0.0002021416139332,0.0001797111582117,213731390.15929,302004107.635838,147832067.41867176,109449016.62986776,0.0007905153765583944,0.00028234031132581854
2025-09-29,1.00026,315824392.2068397,1.0,0.0002599999999999,0.0002599999999999,0,0.0,0.0001499722554137,-0.0001199796036112,-0.0001299616614927,8.997165898805401e-05,0.0002603732325079,0.0002025491817034,0.0001816902547014,110216236.5255708,446623298.77522326,102532433.14618789,109552343.63021988,0.004831196970051588,1.3550135501355015e-05
2025-09-30,0.99986,339551355.52754545,1.0,-0.00014,0.00014,0,0.0,-0.0003999760067722,0.0001499722554137,-0.0001199796036112,-0.0001299616614927,0.0002061200874467,0.0002296078843423,0.0001964020563223,315824392.2068397,213731390.15929,105341671.6057675,109461987.87899636,0.0027559897167614045,0.0001666666666666667
2025-10-01,1.00032,224810484.1190897,1.0,0.00032,0.00032,0,0.0,0.0004599586118349,-0.0003999760067722,0.0001499722554137,-0.0001199796036112,0.0002689043013657,0.0002635677876845,0.0002132767384515,339551355.52754545,110216236.5255708,107497060.04546708,110884244.23549426,0.003920553542405305,0.07093580301913634
2025-10-02,1.00036,281022017.144069,1.0,0.0003599999999999,0.0003599999999999,0,0.0,3.998640462757433e-05,0.0004599586118349,-0.0003999760067722,0.0001499722554137,0.000268904240856,0.0002636969071968,0.0002132251854476,224810484.1190897,315824392.2068397,107039154.2989872,110047521.31930964,0.0031866686103809642,0.0
2025-10-03,1.00045,380055950.05550426,1.0,0.00045,0.00045,0,0.0,8.996356481709542e-05,3.998640462757433e-05,0.0004599586118349,-0.0003999760067722,0.0002689038539877,0.0002641086489833,0.0002077740006995,281022017.144069,339551355.52754545,91124807.9715188,110932875.66610985,0.016746032283130412,0.013536231884057972
2025-10-04,1.00025,229266677.8398276,1.0,0.00025,0.00025,0,0.0,-0.0001999300251573,8.996356481709542e-05,3.998640462757433e-05,0.0004599586118349,0.0002762959670178,0.0002699930038294,0.000206258200481,380055950.05550426,224810484.1190897,89806253.57484649,112364323.79536442,0.0028425556679350663,0.0
2025-10-05,1.00008,114896519.0641832,1.0,8.000000000008001e-05,8.000000000008001e-05,0,0.0,-0.0001699719550367,-0.0001999300251573,8.996356481709542e-05,3.998640462757433e-05,0.0002806126324648,0.000273651482757,0.0002088042773115,229266677.8398276,281022017.144069,88436852.89638759,118650950.30537146,0.002619861800636606,9.715512614063338e-05
2025-10-06,1.00024,337798356.84820384,1.0,0.00024,0.00024,0,0.0,0.0001599744044364,-0.0001699719550367,-0.0001999300251573,8.996356481709542e-05,0.0002815529146184,0.0002616764323242,0.0002090556158963,114896519.0641832,380055950.05550426,90722041.36517558,93010443.1288781,0.004097105679396751,0.00011070526164198842
2025-10-07,1.00022,322731807.82498,1.0,0.0002200000000001,0.0002200000000001,0,0.0,-1.999540105833192e-05,0.0001599744044364,-0.0001699719550367,-0.0001999300251573,0.0002227089212729,0.0002100067177785,0.0002031669485841,337798356.84820384,229266677.8398276,88853245.17847584,93901962.16050988,0.0032315795362960337,0.0001666666666666667
2025-10-08,1.00012,233580377.4214832,1.0,0.0001199999999998,0.0001199999999998,0,0.0,-9.99830029730106e-05,-1.999540105833192e-05,0.0001599744044364,-0.0001699719550367,0.0001346794284797,0.0002054437460315,0.0002035692564661,322731807.82498,114896519.0641832,88167687.30355965,94534775.77490404,0.00213646239550988,0.0001666666666666667
2025-10-09,1.0003,275393962.1696022,1.0,0.0002999999999999,0.0002999999999999,0,0.0,0.000179962208422,-9.99830029730106e-05,-1.999540105833192e-05,0.0001599744044364,0.0001553579739832,0.0002112744581295,0.0002058657147035,233580377.4214832,337798356.84820384,88090265.41259366,94220321.57506312,0.004996820432756406,0.0
2025-10-10,1.0013,543060393.6184585,1.0,0.0013,0.0013,0,0.0,0.0009992007226221,0.000179962208422,-9.99830029730106e-05,-1.999540105833192e-05,0.0004148504305038,0.0003405472332257,0.0002719135573858,275393962.1696022,322731807.82498,132312657.95093472,110063657.10997725,0.0708335575259383,0.07941336595215906
2025-10-11,1.001,728746068.5825434,1.0,0.0009999999999998,0.0009999999999998,0,0.0,-0.0002996553985367,0.0009992007226221,0.000179962208422,-9.99830029730106e-05,0.000429185999482,0.0003509609284667,0.0002780051834076,543060393.6184585,233580377.4214832,205910635.0444753,160617837.8479358,0.018927962084802585,0.07605129879698845
2025-10-12,1.00095,306667834.7552064,1.0,0.00095,0.00095,0,0.0,-4.995129749522204e-05,-0.0002996553985367,0.0009992007226221,0.000179962208422,0.0004185387076834,0.0003487679212053,0.0002749516935764,728746068.5825434,275393962.1696022,177916703.14316198,149356330.76411274,0.02729757210881532,0.024782000931676092
2025-10-13,1.00084,351485488.6793293,1.0,0.0008399999999999,0.0008399999999999,0,0.0,-0.0001099016381446,-4.995129749522204e-05,-0.0002996553985367,0.0009992007226221,0.000427039943672,0.0003505203792055,0.0002753560362583,306667834.7552064,543060393.6184585,177288561.8625949,149382477.7542068,0.010480509360907046,0.010676501492843321
2025-10-14,1.0004,366326462.2398647,1.0,0.0003999999999999,0.0003999999999999,0,0.0,-0.0004397273761166,-0.0001099016381446,-4.995129749522204e-05,-0.0002996553985367,0.0004715022806106,0.0003545091227511,0.0002859271144692,351485488.6793293,728746068.5825434,175098502.70621303,149637025.7822295,0.013032492294863654,0.017074507617985873
2025-10-15,1.00038,362201832.76852256,1.0,0.00038,0.00038,0,0.0,-1.9992203041388967e-05,-0.0004397273761166,-0.0001099016381446,-4.995129749522204e-05,0.0004689105952264,0.0003331898620417,0.0002845106345595,366326462.2398647,306667834.7552064,160796687.98109543,146292998.8858687,0.00533537767185954,0.011691358024691359
2025-10-16,1.0001,329548237.90074784,1.0,9.9999999999989e-05,9.9999999999989e-05,0,0.0,-0.0002799328179522,-1.9992203041388967e-05,-0.0004397273761166,-0.0001099016381446,0.0004776992044304,0.0003414218432958,0.0002892468205298,362201832.76852256,351485488.6793293,153882948.0550498,145225632.80533528,0.0021165905215278892,7.246376811594203e-05
2025-10-17,1.00034,267979486.1764384,1.0,0.00034,0.00034,0,0.0,0.0002399472127647,-0.0002799328179522,-1.9992203041388967e-05,-0.0004397273761166,0.0002245819265664,0.0003473901980066,0.000292593232805,329548237.90074784,366326462.2398647,154386748.9888133,146447953.0795912,0.00970907484817832,6.0923242082662374e-05
2025-10-18,1.00021,145974887.9604102,1.0,0.00021,0.00021,0,0.0,-0.0001299642600114,0.0002399472127647,-0.0002799328179522,-1.9992203041388967e-05,0.0002129599892975,0.0003449088407791,0.0002935897815004,267979486.1764384,362201832.76852256,77948139.35088657,152873652.96447682,0.010716630241868896,0.0
2025-10-19,1.00029,50929977.26560704,1.0,0.0002899999999999,0.0002899999999999,0,0.0,7.998000504124298e-05,-0.0001299642600114,0.0002399472127647,-0.0002799328179522,0.0002246891545051,0.0003420502823855,0.0002936788059287,145974887.9604102,329548237.90074784,123362115.48314355,160705080.1293715,0.00875983662920541,6.0923242082662374e-05
2025-10-20,1.00026,271424702.42224216,1.0,0.0002599999999999,0.0002599999999999,0,0.0,-2.999175227034887e-05,7.998000504124298e-05,-0.0001299642600114,0.0002399472127647,0.000225787359401,0.0003396159727905,0.0002937071657648,50929977.26560704,267979486.1764384,117898230.75156768,161440192.9683852,0.005992287160563352,1.3550135501355015e-05
2025-10-21,1.00029,273897640.37244964,1.0,0.0002899999999999,0.0002899999999999,0,0.0,2.999175227034887e-05,-2.999175227034887e-05,7.998000504124298e-05,-0.0001299642600114,0.000163144045158,0.0003396361788045,0.0002937617241175,271424702.42224216,145974887.9604102,108313520.44359805,162029519.95446602,0.010508615531650712,0.0
2025-10-22,1.0001,325236321.6612076,1.0,9.9999999999989e-05,9.9999999999989e-05,0,0.0,-0.0001899629577945,2.999175227034887e-05,-2.999175227034887e-05,7.998000504124298e-05,0.000176027870534,0.0003426139476104,0.0002893331655307,273897640.37244964,50929977.26560704,102273771.37874144,160023792.2810871,0.004494857466833022,0.0033333333333333335
2025-10-23,1.00021,263691528.6662211,1.0,0.00021,0.00021,0,0.0,0.0001099829527532,-0.0001899629577945,2.999175227034887e-05,-2.999175227034887e-05,0.0001466943108074,0.000340266441345,0.0002705552916544,325236321.6612076,271424702.42224216,95219004.83267827,160352706.486016,0.014108721163520384,2.469135802469136e-05
2025-10-24,1.00015,219194731.8043596,1.0,0.00015,0.00015,0,0.0,-5.998920196158942e-05,0.0001099829527532,-0.0001899629577945,2.999175227034887e-05,0.0001093257999902,0.0001790151860836,0.0002685249040557,263691528.6662211,273897640.37244964,93615191.4256019,149907918.72397146,0.006020383854043655,0.0
2025-10-25,1.00014,54334153.97684366,1.0,0.00014,0.00014,0,0.0,-9.99855021036831e-06,-5.998920196158942e-05,0.0001099829527532,-0.0001899629577945,9.947940083142536e-05,0.0001683561630852,0.0002684061525711,219194731.8043596,325236321.6612076,110769694.43800132,104616759.28883022,0.002404632378050455,0.0
2025-10-26,0.99999,88945204.97077017,1.0,-9.99999999995449e-06,9.99999999995449e-06,0,0.0,-0.0001499902509148,-9.99855021036831e-06,-5.998920196158942e-05,0.0001099829527532,0.0001027321700352,0.0001699486282625,0.0002690736062032,54334153.97684366,263691528.6662211,102377347.70600197,112450671.40334074,0.0013467102658272219,1.3550135501355015e-05
2025-10-27,0.99996,244198633.75546128,1.0,-4.000000000004e-05,4.000000000004e-05,0,0.0,-3.000075002108616e-05,-0.0001499902509148,-9.99855021036831e-06,-5.998920196158942e-05,0.0001027319823773,0.0001697942928446,0.0002681841731386,88945204.97077017,219194731.8043596,100320545.600378,107890486.74378625,0.0021867271779550898,3.8241493526046373e-05
2025-10-28,1.00008,169661781.64154145,1.0,8.000000000008001e-05,8.000000000008001e-05,0,0.0,0.0001199976001921,-3.000075002108616e-05,-0.0001499902509148,-9.99855021036831e-06,0.000117883929721,0.0001369418391211,0.0002683386713556,244198633.75546128,54334153.97684366,96921300.94697767,101848571.52226377,0.0012056412554013948,0.0033333333333333335
2025-10-29,1.00003,207914590.5497405,1.0,2.999999999997449e-05,2.999999999997449e-05,0,0.0,-4.9997250161762144e-05,0.0001199976001921,-3.000075002108616e-05,-0.0001499902509148,9.608267767233812e-05,0.0001371283156052,0.0002669391544799,169661781.64154145,88945204.97077017,79172987.52765028,93147268.2792409,0.0014565810425137893,0.0
2025-10-30,0.99981,246208708.4645089,1.0,-0.00019,0.00019,0,0.0,-0.0002200176022956,-4.9997250161762144e-05,0.0001199976001921,-3.000075002108616e-05,0.0001076615095213,0.0001292696547006,0.0002597442544729,207914590.5497405,244198633.75546128,76251328.95850572,87263657.5249902,0.004246008570385407,0.0
2025-10-31,0.99955,310320491.92888826,1.0,-0.0004499999999999,0.0004499999999999,0,0.0,-0.0002600832280985,-0.0002200176022956,-4.9997250161762144e-05,0.0001199976001921,0.0001322896221374,0.0001204897669689,0.000248647657597,246208708.4645089,169661781.64154145,91210088.22169976,90399390.47859526,0.007692774334519236,2.469135802469136e-05
2025-11-01,0.99958,58272981.60491833,1.0,-0.0004199999999999,0.0004199999999999,0,0.0,3.001305568144785e-05,-0.0002600832280985,-0.0002200176022956,-4.9997250161762144e-05,0.0001368914015066,0.0001205655869085,0.0002485635024698,310320491.92888826,207914590.5497405,90249397.13792206,97569037.65992267,0.006344534804284646,2.469135802469136e-05
2025-11-02,0.99982,116065862.26381312,1.0,-0.0001799999999999,0.0001799999999999,0,0.0,0.0002400720227595,3.001305568144785e-05,-0.0002600832280985,-0.0002200176022956,0.0001771328261361,0.0001394455185632,0.0002524587061196,58272981.60491833,246208708.4645089,85686956.81027466,91324893.29748552,0.0024923476781616317,0.006883115352892659
2025-11-03,0.99971,210475852.89214084,1.0,-0.00029,0.00029,0,0.0,-0.0001100258561872,0.0002400720227595,3.001305568144785e-05,-0.0002600832280985,0.0001801201959373,0.0001409203027834,0.0002507895301709,116065862.26381312,310320491.92888826,83257635.0963778,89268749.50584684,0.005380556524628917,0.0002164486862259927
2025-11-04,0.9998,285157312.6393001,1.0,-0.0001999999999999,0.0001999999999999,0,0.0,9.002205546440305e-05,-0.0001100258561872,0.0002400720227595,3.001305568144785e-05,0.0001761128571576,0.0001440685501169,0.000249847299028,210475852.89214084,58272981.60491833,90085411.57550047,90041146.73276412,0.002482516952695655,0.0
2025-11-05,0.99985,251479490.0091377,1.0,-0.0001499999999999,0.0001499999999999,0,0.0,5.0008751541934655e-05,9.002205546440305e-05,-0.0001100258561872,0.0002400720227595,0.0001791962603216,0.0001383761904069,0.0002480781078618,285157312.6393001,116065862.26381312,91815285.0272029,84110888.06628452,0.0014127480241778482,0.0
2025-11-06,0.99944,231912445.11389223,1.0,-0.00056,0.00056,0,0.0,-0.0004101456074381,5.0008751541934655e-05,9.002205546440305e-05,-0.0001100258561872,0.0002226869176582,0.0001680536678789,0.0002584664273862,251479490.0091377,210475852.89214084,91061119.41675134,82519782.61256719,0.009876606801960591,0.0
2025-11-07,0.99959,334926056.56607616,1.0,-0.00041,0.00041,0,0.0,0.0001500727855825,-0.0004101456074381,5.0008751541934655e-05,9.002205546440305e-05,0.0002128216728077,0.0001767285183619,0.0002600257293545,231912445.11389223,285157312.6393001,95962659.5878504,90788743.52149875,0.010351927487071816,0.06505206213539545
2025-11-08,0.9996,70404755.5733509,1.0,-0.0003999999999999,0.0003999999999999,0,0.0,1.000405164106353e-05,0.0001500727855825,-0.0004101456074381,5.0008751541934655e-05,0.0002125751876481,0.0001770702917911,0.0002574096951835,334926056.56607616,251479490.0091377,92767014.13805684,88877193.08200924,0.004015302818849496,0.0
2025-11-09,0.99969,48875307.15587117,1.0,-0.00031,0.00031,0,0.0,9.003196140701614e-05,1.000405164106353e-05,0.0001500727855825,-0.0004101456074381,0.0001911553299334,0.0001770729066546,0.0001723322300004,70404755.5733509,231912445.11389223,107013188.59554474,93326701.64207125,0.002939648610961713,0.0002164486862259927
2025-11-10,0.99955,225032302.73144308,1.0,-0.0004499999999999,0.0004499999999999,0,0.0,-0.0001400532204525,9.003196140701614e-05,1.000405164106353e-05,0.0001500727855825,0.0001938672204525,0.0001799027612109,0.0001668520034838,48875307.15587117,334926056.56607616,107284147.38898516,92751335.46191156,0.005299769882642443,1.3550135501355015e-05
2025-11-11,0.99951,94799794.2668518,1.0,-0.0004899999999999,0.0004899999999999,0,0.0,-4.001880884553575e-05,-0.0001400532204525,9.003196140701614e-05,1.000405164106353e-05,0.0001873685317836,0.0001746961082925,0.0001668585093533,225032302.73144308,70404755.5733509,108241354.56430463,96566778.86779147,0.003778169252529744,0.0033580246913580245
2025-11-12,0.99978,163353348.80033693,1.0,-0.0002199999999999,0.0002199999999999,0,0.0,0.0002700958856808,-4.001880884553575e-05,-0.0001400532204525,9.003196140701614e-05,0.000220761950755,0.0001933404895306,0.0001761604508754,94799794.2668518,48875307.15587117,103513906.50526476,96745844.4655528,0.0012592958611739162,0.0033468834688346887
2025-11-13,0.99926,172762232.10416308,1.0,-0.0007399999999999,0.0007399999999999,0,0.0,-0.0005202497315997,0.0002700958856808,-4.001880884553575e-05,-0.0001400532204525,0.0002552518566501,0.000230557351948,0.0001830147568167,163353348.80033693,225032302.73144308,99679208.39639008,95392248.7921707,0.014236457676569824,0.01706774119206061
2025-11-14,0.9991,219838889.86483857,1.0,-0.0009,0.0009,0,0.0,-0.0001601313080145,-0.0005202497315997,0.0002700958856808,-4.001880884553575e-05,0.0002464179622378,0.0002246671337935,0.0001843228956968,172762232.10416308,94799794.2668518,71158650.01964946,89016286.81552388,0.047646774095522745,0.05539980573245848
2025-11-15,0.99928,42017049.97906308,1.0,-0.00072,0.00072,0,0.0,0.0001801459186808,-0.0001601313080145,-0.0005202497315997,0.0002700958856808,0.0002634335313884,0.0002313470366899,0.0001830373671676,219838889.86483857,163353348.80033693,76534915.98124732,90778067.17317235,0.011180904848140482,0.029559804684124103
2025-11-16,0.9992,41248033.80272002,1.0,-0.0008,0.0008,0,0.0,-8.006084628587782e-05,0.0001801459186808,-0.0001601313080145,-0.0005202497315997,0.0002565781885861,0.0002190022593774,0.0001761171264767,42017049.97906308,172762232.10416308,78056028.00171115,96606992.7426772,0.022204765642865873,0.03765504124913798
2025-11-17,0.99881,256907019.9810725,1.0,-0.00119,0.00119,0,0.0,-0.0003903884414523,-8.006084628587782e-05,0.0001801459186808,-0.0001601313080145,0.0002839493811931,0.000237510244177,0.0001868943059452,41248033.80272002,219838889.86483857,84694406.7937277,98842110.67820194,0.13163698930403817,0.08570215576907858
2025-11-18,0.99941,195875232.87054005,1.0,-0.0005899999999999,0.0005899999999999,0,0.0,0.0006005344937315,-0.0003903884414523,-8.006084628587782e-05,0.0001801459186808,0.0003915206668588,0.0002952120772739,0.0002202487769951,256907019.9810725,42017049.97906308,84006781.01792331,93888122.13420436,0.009246364415284552,0.057764252347585684
2025-11-19,0.99887,193716487.25972635,1.0,-0.0011299999999999,0.0011299999999999,0,0.0,-0.0005404648128836,0.0006005344937315,-0.0003903884414523,-8.006084628587782e-05,0.0004126845555403,0.0003240059978802,0.0002392041804825,195875232.87054005,41248033.80272002,85224779.89861253,91158243.02682967,0.03539488665111542,0.04547250309682252
2025-11-20,0.99881,260650463.95884696,1.0,-0.00119,0.00119,0,0.0,-6.00696808478855e-05,-0.0005404648128836,0.0006005344937315,-0.0003903884414523,0.0003751167008107,0.0003088957625614,0.0002387777588393,193716487.25972635,256907019.9810725,93438354.61301978,93115201.74053992,0.2152043719676216,0.15742196835244723
2025-11-21,0.99928,252854939.6086889,1.0,-0.00072,0.00072,0,0.0,0.0004704492877382,-6.00696808478855e-05,-0.0005404648128836,0.0006005344937315,0.0004211698268914,0.000335208777602,0.0002552428330049,260650463.95884696,195875232.87054005,96969590.2102312,83758008.98509839,0.00982293024283725,0.004945122846990991
2025-11-22,0.99936,53688011.61840163,1.0,-0.0006399999999999,0.0006399999999999,0,0.0,8.005443706000557e-05,0.0004704492877382,-6.00696808478855e-05,-0.0005404648128836,0.0004167294981609,0.0003362469482272,0.0002547455942821,252854939.6086889,193716487.25972635,94313628.80900224,85237789.16385102,0.009654826215645552,0.0285925494672437
2025-11-23,0.99959,33598565.02681459,1.0,-0.00041,0.00041,0,0.0,0.0002301208144425,8.005443706000557e-05,0.0004704492877382,-6.00696808478855e-05,0.0004218387015867,0.0003417218544298,0.0002589740197593,53688011.61840163,260650463.95884696,96204831.63910703,86834542.18406467,0.004442080719788083,8.601390361729704e-05
2025-11-24,0.99963,189989915.13591784,1.0,-0.0003699999999999,0.0003699999999999,0,0.0,4.00156060917533e-05,0.0002301208144425,8.005443706000557e-05,0.0004704492877382,0.0003747072554178,0.0003397174574712,0.000259192650996,33598565.02681459,252854939.6086889,90216993.69300248,85231395.85272478,0.0031263711385952036,8.601390361729704e-05
2025-11-25,0.99954,219466469.6885536,1.0,-0.00046,0.00046,0,0.0,-9.003736556754548e-05,4.00156060917533e-05,0.0002301208144425,8.005443706000557e-05,0.0003118997082928,0.0003404975720113,0.0002583617186588,189989915.13591784,53688011.61840163,91830839.27381748,84959566.22381999,0.004781266008852831,0.0
2025-11-26,0.9998,215369177.7036872,1.0,-0.0001999999999999,0.0001999999999999,0,0.0,0.0002600858297895,-9.003736556754548e-05,4.00156060917533e-05,0.0002301208144425,0.0001991340252312,0.0003399016113168,0.0002631648743665,219466469.6885536,33598565.02681459,93041154.37658627,86059471.45541479,0.001933731914781068,0.0
2025-11-27,0.99978,95715278.39153902,1.0,-0.0002199999999999,0.0002199999999999,0,0.0,-2.0004200882872355e-05,0.0002600858297895,-9.003736556754548e-05,4.00156060917533e-05,0.0001931474331955,0.0003053833022085,0.0002621049173976,215369177.7036872,189989915.13591784,88537067.62985656,88149868.03732613,0.0023085771807973255,0.0
2025-11-28,1.0,163120249.707429,1.0,0.0,0.0,0,0.0,0.0002200242035499,-2.0004200882872355e-05,0.0002600858297895,-9.003736556754548e-05,0.0001362700969306,0.0003033858542418,0.0002653008695483,95715278.39153902,219466469.6885536,77189620.62707722,86587042.67653237,0.0021157880098558665,1.3550135501355015e-05
2025-11-29,1.00014,41895282.56123088,1.0,0.00014,0.00014,0,0.0,0.0001399902009145,0.0002200242035499,-2.0004200882872355e-05,0.0002600858297895,0.0001364786372771,0.0003023947273863,0.0002631861356969,163120249.707429,215369177.7036872,79450019.96039133,86599611.69464064,0.0015547828721762004,0.0
2025-11-30,1.00004,85936206.22210385,1.0,4.000000000004e-05,4.000000000004e-05,0,0.0,-9.999100089322692e-05,0.0001399902009145,0.0002200242035499,-2.0004200882872355e-05,0.000145384324379,0.0003031580935861,0.0002590912366884,41895282.56123088,95715278.39153902,69995062.9700658,82694783.5371048,0.0012225261368770156,1.3550135501355015e-05
2025-12-01,0.99991,213530428.28770527,1.0,-9.00000000000345e-05,9.00000000000345e-05,0,0.0,-0.0001300032502644,-9.999100089322692e-05,0.0001399902009145,0.0002200242035499,0.0001632244528366,0.0002805433607044,0.0002604435622533,85936206.22210385,163120249.707429,73044056.90286295,79593239.41372846,0.001892796660992109,1.3550135501355015e-05
2025-12-02,1.00023,153959928.94909564,1.0,0.0002299999999999,0.0002299999999999,0,0.0,0.0003199776042979,-0.0001300032502644,-9.999100089322692e-05,0.0001399902009145,0.0001813410639757,0.0002485955852614,0.0002632603611176,213530428.28770527,41895282.56123088,66218776.16254926,78853703.14068717,0.0019902370276988868,2.469135802469136e-05
2025-12-03,1.00009,211018651.22834,1.0,8.999999999992347e-05,8.999999999992347e-05,0,0.0,-0.000139977603812,0.0003199776042979,-0.0001300032502644,-9.999100089322692e-05,0.0001849643700598,0.000190648562548,0.0002638018660851,153959928.94909564,85936206.22210385,65392368.73085041,79634692.06605044,0.0013318428708513918,0.0
2025-12-04,1.00009,205226379.5596626,1.0,8.999999999992347e-05,8.999999999992347e-05,0,0.0,0.0,-0.000139977603812,0.0003199776042979,-0.0001300032502644,0.0001840090541808,0.000187733142191,0.000263403322314,211018651.22834,213530428.28770527,66709445.636621,75318699.501692,0.0026252528457322713,2.469135802469136e-05
2025-12-05,1.00003,218218277.86106336,1.0,2.999999999997449e-05,2.999999999997449e-05,0,0.0,-5.999640023393279e-05,0.0,-0.000139977603812,0.0003199776042979,0.0001692860985539,0.0001562534156931,0.0002635879883803,205226379.5596626,153959928.94909564,71133883.90307468,72277083.33115606,0.000997247506067592,0.0
2025-12-06,1.00011,52549099.26598619,1.0,0.00011,0.00011,0,0.0,7.999440043471027e-05,-5.999640023393279e-05,0.0,-0.000139977603812,0.0001626594474202,0.0001562526343338,0.0002518325897896,218218277.86106336,211018651.22834,68204530.7557327,72394434.33819672,0.0016460701561127713,0.0001666666666666667
2025-12-07,1.0001,34183628.7945269,1.0,9.9999999999989e-05,9.9999999999989e-05,0,0.0,-9.998950110387238e-06,7.999440043471027e-05,-5.999640023393279e-05,0.0,0.0001573026166998,0.0001483637550891,0.0002507262186392,52549099.26598619,205226379.5596626,79765346.6774535,72322222.8149227,0.0009227931748688399,1.3550135501355015e-05
2025-12-08,1.00003,185357071.4969549,1.0,2.999999999997449e-05,2.999999999997449e-05,0,0.0,-6.999545032432303e-05,-9.998950110387238e-06,7.999440043471027e-05,-5.999640023393279e-05,0.0001499556294021,0.0001510484992263,0.0002512281433834,34183628.7945269,218218277.86106336,77014161.60981171,72135591.03524972,0.0012315187943384251,1.3550135501355015e-05
2025-12-09,1.00005,183301194.2382816,1.0,5.000000000010552e-05,5.000000000010552e-05,0,0.0,1.9999200032796323e-05,-6.999545032432303e-05,-9.998950110387238e-06,7.999440043471027e-05,7.11388736399935e-05,0.0001472159444729,0.0002508255696841,185357071.4969549,52549099.26598619,77962870.2446879,70062066.11233853,0.0009278380897611642,0.0
2025-12-10,1.00013,125127818.65345104,1.0,0.0001299999999999,0.0001299999999999,0,0.0,7.999280069045482e-05,1.9999200032796323e-05,-6.999545032432303e-05,-9.998950110387238e-06,5.995596887771114e-05,0.0001333890293581,0.0002494392794496,183301194.2382816,34183628.7945269,74485734.38243334,67398459.77179953,0.0010024159736276358,0.0
2025-12-11,1.00013,186022052.6791069,1.0,0.0001299999999999,0.0001299999999999,0,0.0,0.0,7.999280069045482e-05,1.9999200032796323e-05,-6.999545032432303e-05,5.995596887771114e-05,0.0001329928833561,0.0002492178205054,125127818.65345104,185357071.4969549,72146952.21018273,67087567.90431781,0.0016782570935352898,1.3550135501355015e-05
2025-12-12,1.0001,138956979.33485276,1.0,9.9999999999989e-05,9.9999999999989e-05,0,0.0,-2.999655039892811e-05,0.0,7.999280069045482e-05,1.9999200032796323e-05,5.5373198030826085e-05,0.0001210397606737,0.0002448453664306,186022052.6791069,183301194.2382816,63671529.58019574,66954495.75996351,0.001658986338322611,0.00020833333333333335
2025-12-13,1.00003,23248963.69876539,1.0,2.999999999997449e-05,2.999999999997449e-05,0,0.0,-6.999545032432303e-05,-2.999655039892811e-05,0.0,7.999280069045482e-05,5.273069410837298e-05,0.0001162260032574,0.0002241000622064,138956979.33485276,125127818.65345104,70191632.4429347,69315182.37380365,0.0007814834268341734,0.0
2025-12-14,1.00006,26984555.04461922,1.0,5.999999999994898e-05,5.999999999994898e-05,0,0.0,2.999865006297146e-05,-6.999545032432303e-05,-2.999655039892811e-05,0.0,5.502835553346461e-05,0.0001134587620144,0.0002213355800343,23248963.69876539,186022052.6791069,71781689.2775714,74698401.38485508,0.001043220017557273,1.3550135501355015e-05
2025-12-15,0.99987,132077197.4332712,1.0,-0.0001299999999999,0.0001299999999999,0,0.0,-0.0001900066508043,2.999865006297146e-05,-6.999545032432303e-05,-2.999655039892811e-05,8.750515223612202e-05,0.0001197637157049,0.0002231032178532,26984555.04461922,138956979.33485276,66865391.4418118,71625775.68507819,0.0014449554352272652,1.3550135501355015e-05
2025-12-16,0.99981,106200431.65435132,1.0,-0.00019,0.00019,0,0.0,-6.000960155431447e-05,-0.0001900066508043,2.999865006297146e-05,-6.999545032432303e-05,8.618959650082702e-05,7.605353291503129e-05,0.0002228239851552,132077197.4332712,23248963.69876539,60034942.3349292,71740099.82613198,0.0017945475841011993,0.00024657482685937974
2025-12-17,0.99963,123158616.3018686,1.0,-0.0003699999999999,0.0003699999999999,0,0.0,-0.0001800504146023,-6.000960155431447e-05,-0.0001900066508043,2.999865006297146e-05,8.475262666511802e-05,8.109786005604061e-05,0.0002125256674117,106200431.65435132,26984555.04461922,59932258.55851044,67904957.62503235,0.002708071064059911,0.00022188346883468833
2025-12-18,0.9994,122711889.1709902,1.0,-0.0006,0.0006,0,0.0,-0.0002301116051434,-0.0001800504146023,-6.000960155431447e-05,-0.0001900066508043,9.627035379140924e-05,9.589440983726071e-05,0.0001879657247659,123158616.3018686,132077197.4332712,49594387.20075476,63800201.2850392,0.011501932858943943,0.00374657482685938
2025-12-19,0.9994,158592674.6565621,1.0,-0.0006,0.0006,0,0.0,0.0,-0.0002301116051434,-0.0001800504146023,-6.000960155431447e-05,0.0001006954529498,9.67166167421234e-05,0.0001579091693165,122711889.1709902,106200431.65435132,52863929.45908903,58387375.25785857,0.00889438379032451,0.003579908160192713
2025-12-20,0.99959,35719617.58498612,1.0,-0.00041,0.00041,0,0.0,0.0001900959990517,0.0,-0.0002301116051434,-0.0001800504146023,0.0001496896420649,0.0001110740647809,0.0001602497031586,158592674.6565621,123158616.3018686,50019383.32881297,59907255.59063074,0.003739306857354553,0.000375
2025-12-21,0.99969,28022119.24135612,1.0,-0.00031,0.00031,0,0.0,0.000100036013048,0.0001900959990517,0.0,-0.0002301116051434,0.0001589836687129,0.0001168840530867,0.0001374781618696,35719617.58498612,122711889.1709902,49765155.86336194,60549804.13591929,0.0022786365805209786,0.0002164486862259927
2025-12-22,0.99932,199929465.9788465,1.0,-0.00068,0.00068,0,0.0,-0.0003701832449314,0.000100036013048,0.0001900959990517,0.0,0.0001953205355924,0.0001482513040977,0.0001536105389095,28022119.24135612,158592674.6565621,61958317.55015718,62005714.9385579,0.01042699275406319,0.010759321630592268
2025-12-23,0.99934,232763678.50324425,1.0,-0.0006599999999999,0.0006599999999999,0,0.0,2.001340898470725e-05,-0.0003701832449314,0.000100036013048,0.0001900959990517,0.0001988992131907,0.0001482518256086,0.0001473563027739,199929465.9788465,35719617.58498612,77076163.19538532,67454049.25529416,0.008109110276997344,0.026806718264371015
2025-12-24,0.99926,145780407.17381147,1.0,-0.0007399999999999,0.0007399999999999,0,0.0,-8.005603927018455e-05,2.001340898470725e-05,-0.0003701832449314,0.000100036013048,0.0001929427007153,0.0001434904992989,0.0001476280742733,232763678.50324425,28022119.24135612,77279092.70323591,67867486.81701098,0.006900868873336054,0.011305836430155848
2025-12-25,0.99932,44895872.06196517,1.0,-0.00068,0.00068,0,0.0,6.00426302854773e-05,-8.005603927018455e-05,2.001340898470725e-05,-0.0003701832449314,0.0001792012341284,0.0001463599702322,0.0001474471290615,145780407.17381147,199929465.9788465,84120435.90202148,67560361.5018735,0.010083183401973839,0.030974824446969956
2025-12-26,0.99919,120078173.08724315,1.0,-0.0008099999999999,0.0008099999999999,0,0.0,-0.0001300969223905,6.00426302854773e-05,-8.005603927018455e-05,2.001340898470725e-05,0.0001844858927627,0.0001473352006327,0.0001400688123619,44895872.06196517,232763678.50324425,82481264.806618,67092539.43902319,0.013107635868145836,0.021636846883117518
2025-12-27,0.99926,28201034.64948253,1.0,-0.0007399999999999,0.0007399999999999,0,0.0,7.00542921050236e-05,-0.0001300969223905,6.00426302854773e-05,-8.005603927018455e-05,0.0001651843545405,0.0001516625243012,0.000141038049119,120078173.08724315,145780407.17381147,83729985.75155398,66627595.10684717,0.009214149988069008,0.019598046177650146
2025-12-28,0.99917,36437482.18659266,1.0,-0.0008299999999999,0.0008299999999999,0,0.0,-9.007070556474827e-05,7.00542921050236e-05,-0.0001300969223905,6.00426302854773e-05,0.0001520543520567,0.000149869304275,0.0001342414031017,28201034.64948253,44895872.06196517,82334558.59425963,65791441.55144413,0.007367440993771655,0.011478116724387363
2025-12-29,0.99879,309806259.13429844,1.0,-0.00121,0.00121,0,0.0,-0.0003803880003424,-9.007070556474827e-05,7.00542921050236e-05,-0.0001300969223905,0.0001553762505019,0.0001695648562939,0.0001450168817242,36437482.18659266,120078173.08724315,107694596.54668942,85077004.71031566,0.06891480590706266,0.04308129132756198
2025-12-30,0.9988,224834195.45764068,1.0,-0.0011999999999999,0.0011999999999999,0,1.0,1.001206453791711e-05,-0.0003803880003424,-9.007070556474827e-05,7.00542921050236e-05,0.0001543913689177,0.0001711361549145,0.0001449698239475,309806259.13429844,28201034.64948253,106482366.20081644,89305584.51321173,0.06127786873693048,0.07725116270881546
2025-12-31,0.99848,116409706.39501764,1.0,-0.0015199999999999,0.0015199999999999,1,0.0,-0.0003204357954198,1.001206453791711e-05,-0.0003803880003424,-9.007070556474827e-05,0.0001797748496682,0.0001817272090463,0.0001529355419303,224834195.45764068,36437482.18659266,106335700.47306304,89359787.65094867,0.1196369481056395,0.19204310966810967
2026-01-01,0.99861,84758712.18653268,1.0,-0.00139,0.00139,0,0.0,0.0001301894257981,-0.0003204357954198,1.001206453791711e-05,-0.0003803880003424,0.00019244289619,0.0001846609645688,0.0001406321157801,116409706.39501764,309806259.13429844,102269965.94628312,90133337.10594147,0.21077256246244114,0.3401917388167388
2026-01-02,0.99945,226852301.66656303,1.0,-0.00055,0.00055,0,0.0,0.0008408156406593,0.0001301894257981,-0.0003204357954198,1.001206453791711e-05,0.0004030600958394,0.0003031571461615,0.0002145439080711,84758712.18653268,224834195.45764068,108079465.79214215,93794616.84685814,0.0065997265168910016,0.0069261039937073875
2026-01-03,0.9995,55547868.97255301,1.0,-0.0004999999999999,0.0004999999999999,0,0.0,5.002626379902754e-05,0.0008408156406593,0.0001301894257981,-0.0003204357954198,0.0004028587788194,0.0002988080340005,0.0002149095814219,226852301.66656303,116409706.39501764,103476062.60441594,92383730.12951966,0.0031952075147534506,0.013091787439613527
2026-01-04,0.99952,61863567.21058957,1.0,-0.00048,0.00048,0,0.0,2.0009804804930735e-05,5.002626379902754e-05,0.0008408156406593,0.0001301894257981,0.0003993274910919,0.0002973766718615,0.0002148883215415,55547868.97255301,84758712.18653268,99154129.41331328,89849092.40591934,0.003549447130838562,1.3550135501355015e-05
2026-01-05,0.9999,225208921.4076166,1.0,-9.9999999999989e-05,9.9999999999989e-05,0,0.0,0.0003801102365439,2.0009804804930735e-05,5.002626379902754e-05,0.0008408156406593,0.0003646553743979,0.0002954910194024,0.000226245315213,61863567.21058957,226852301.66656303,80428102.15240166,91496107.20177844,0.001233612861269622,8.601390361729704e-05
2026-01-06,0.99953,157979623.51896852,1.0,-0.0004699999999999,0.0004699999999999,0,0.0,-0.0003701054842864,0.0003801102365439,2.0009804804930735e-05,5.002626379902754e-05,0.0004152726685755,0.0003153920178992,0.000235762548869,225208921.4076166,55547868.97255301,72566747.3729849,87552727.16880138,0.004026976769883451,0.0
2026-01-07,0.99896,104575372.66394432,1.0,-0.00104,0.00104,0,0.0,-0.0005704306906275,-0.0003701054842864,0.0003801102365439,2.0009804804930735e-05,0.0004655959571965,0.0003517277449982,0.0002563039216778,157979623.51896852,61863567.21058957,73143997.49454105,87722096.94204895,0.04744597554185375,0.015413862078411378
2026-01-08,0.99906,176767608.3586671,1.0,-0.00094,0.00094,0,0.0,0.0001000990981906,-0.0005704306906275,-0.0003701054842864,0.0003801102365439,0.0004650718099886,0.0003526034626363,0.0002573192022104,104575372.66394432,225208921.4076166,71708812.57436554,85108228.37772407,0.03980640552724468,0.03493919672569726
2026-01-09,0.99866,182762886.42143464,1.0,-0.00134,0.00134,0,0.0,-0.0004004565257848,0.0001000990981906,-0.0005704306906275,-0.0003701054842864,0.0003393168169937,0.0003663173018026,0.0002648832145685,176767608.3586671,157979623.51896852,64837362.61851635,85750166.39348625,0.19454900281513757,0.10651476126045092
2026-01-10,0.99853,27927195.90486558,1.0,-0.0014699999999999,0.0014699999999999,0,0.0,-0.0001301829071681,-0.0004004565257848,0.0001000990981906,-0.0005704306906275,0.0003316390556951,0.0003656866756779,0.0002651185436027,182762886.42143464,104575372.66394432,71206005.06707798,85778218.02302381,0.3171934697916387,0.33875635108824764
2026-01-11,0.99853,46384400.32642939,1.0,-0.0014699999999999,0.0014699999999999,0,0.0,0.0,-0.0001301829071681,-0.0004004565257848,0.0001000990981906,0.0003301257704017,0.0003657614763181,0.0002652662562524,27927195.90486558,176767608.3586671,74000365.05117713,84870608.63734446,0.19362100670289878,0.26825137458327114
2026-01-12,0.99873,296014267.32962614,1.0,-0.0012699999999999,0.0012699999999999,0,0.0,0.0002002743765643,0.0,-0.0001301829071681,-0.0004004565257848,0.0002869339469935,0.0003577322284089,0.0002692071793146,46384400.32642939,182762886.42143464,91652725.12180698,82840941.36971745,0.17240674701068437,0.14312587237156202
2026-01-13,0.99935,206001728.7383957,1.0,-0.00065,0.00065,0,0.0,0.0006205957918589,0.0002002743765643,0.0,-0.0001301829071681,0.0003944065634174,0.0003948992099892,0.0002951055853593,296014267.32962614,27927195.90486558,94810825.80104838,81534872.0669391,0.009994257071780293,0.014677298883514852
2026-01-14,0.99989,267697640.6505476,1.0,-0.00011,0.00011,0,0.0,0.0005402052911425,0.0006205957918589,0.0002002743765643,0.0,0.0003607178475185,0.000401520274797,0.000310619571879,206001728.7383957,46384400.32642939,101954636.85917526,87856001.78406464,0.0012158993998083096,0.00017342342342342344
2026-01-15,0.99965,180947211.74414933,1.0,-0.0003499999999999,0.0003499999999999,0,0.0,-0.0002400552138516,0.0005402052911425,0.0006205957918589,0.0002002743765643,0.0003877751619007,0.0004115043048802,0.0003135577783321,267697640.6505476,296014267.32962614,101999873.6316518,85980188.88241477,0.004393324931437533,0.0034057971014492755
2026-01-16,0.99951,214086392.8560214,1.0,-0.0004899999999999,0.0004899999999999,0,0.0,-0.0001400588249353,-0.0002400552138516,0.0005402052911425,0.0006205957918589,0.0003434767942014,0.0003498510881479,0.0003128736460906,180947211.74414933,206001728.7383957,103203419.22415952,85262207.92888339,0.006139770148623395,9.715512614063338e-05
2026-01-17,0.99954,28377497.31547149,1.0,-0.00046,0.00046,0,0.0,3.0014256774194383e-05,-0.0001400588249353,-0.0002400552138516,0.0005402052911425,0.0003289387721706,0.0003496906802331,0.0003099823980297,214086392.8560214,267697640.6505476,103095089.8309744,88023699.38406542,0.003807032787127402,0.003430488459473967
2026-01-18,0.99955,52805797.7400097,1.0,-0.0004499999999999,0.0004499999999999,0,0.0,1.0004552071341368e-05,3.0014256774194383e-05,-0.0001400588249353,-0.0002400552138516,0.0003282276320277,0.000349663154686,0.0003099825832103,28377497.31547149,180947211.74414933,101758312.96931791,88794561.49024245,0.004423315109720326,9.251706229436877e-05
2026-01-19,0.99932,118938040.48620072,1.0,-0.00068,0.00068,0,0.0,-0.0002301300244789,1.0004552071341368e-05,3.0014256774194383e-05,-0.0001400588249353,0.0003555134693618,0.0003367182385723,0.0003108236184307,52805797.7400097,214086392.8560214,88700368.06741758,86835502.56512362,0.014553383141109625,0.004757938906758271
2026-01-20,0.99879,238537763.40715504,1.0,-0.00121,0.00121,0,0.0,-0.0005305013361926,-0.0002301300244789,1.0004552071341368e-05,3.0014256774194383e-05,0.0003315553580026,0.0003511793403863,0.0003242255683327,118938040.48620072,28377497.31547149,92720706.24621972,90206064.29432924,0.0841670421263416,0.061679937466437997
2026-01-21,0.99903,265430803.2628424,1.0,-0.00097,0.00097,0,0.0,0.0002402618866109,-0.0005305013361926,-0.0002301300244789,1.0004552071341368e-05,0.0002465055235077,0.0003251525156288,0.0003212833973449,238537763.40715504,52805797.7400097,92273923.475724,93740376.29561216,0.059961947549049495,0.037684498849048155
2026-01-22,0.99896,173271390.1489988,1.0,-0.00104,0.00104,0,0.0,-7.007042080156101e-05,0.0002402618866109,-0.0005305013361926,-0.0002301300244789,0.0002413626681225,0.0003245042486775,0.0003214173024037,265430803.2628424,118938040.48620072,91987322.38688132,93709767.02863877,0.05589259389082381,0.008318620497662556
2026-01-23,0.99864,194235250.08360305,1.0,-0.00136,0.00136,0,1.0,-0.0003203844640941,-7.007042080156101e-05,0.0002402618866109,-0.0005305013361926,0.0002557164394828,0.0003176726575354,0.0003261151617843,173271390.1489988,238537763.40715504,90183592.54810248,93934212.80591536,0.324847055778091,0.1955864719571616
2026-01-24,0.99841,67608336.78194948,1.0,-0.0015899999999999,0.0015899999999999,1,0.0,-0.0002303397521512,-0.0003203844640941,-7.007042080156101e-05,0.0002402618866109,0.0002483414925393,0.000321894949446,0.0003279406658182,194235250.08360305,265430803.2628424,81988716.79639252,89994559.1105121,0.4043936046329402,0.6079939792008757
2026-01-25,0.99884,69922682.24255379,1.0,-0.00116,0.00116,0,0.0,0.000430592070741,-0.0002303397521512,-0.0003203844640941,-7.007042080156101e-05,0.0003331688502349,0.0003426785377602,0.0003378872677171,67608336.78194948,173271390.1489988,78484847.70777144,87741794.90950729,0.09841903221784527,0.02130764309414362
2026-01-26,0.99885,202818939.4947868,1.0,-0.0011499999999999,0.0011499999999999,0,0.0,1.0011563355824971e-05,0.000430592070741,-0.0002303397521512,-0.0003203844640941,0.000330066837125,0.0003388229919205,0.0003375641161624,69922682.24255379,194235250.08360305,77363933.58271506,80659611.7756666,0.09645236279465776,0.035784069780715244
2026-01-27,0.99862,154068349.62286583,1.0,-0.00138,0.00138,0,1.0,-0.0002302913195357,1.0011563355824971e-05,0.000430592070741,-0.0002303397521512,0.0002746946224649,0.0002939384551972,0.0003396228174967,202818939.4947868,67608336.78194948,71850418.11579372,79713829.03591488,0.22636048938681405,0.21090587286276943
2026-01-28,0.99841,169650971.4180845,1.0,-0.0015899999999999,0.0015899999999999,1,1.0,-0.0002103123145611,-0.0002302913195357,1.0011563355824971e-05,0.000430592070741,0.0002544053374121,0.0002413145528528,0.0003347557597291,154068349.62286583,69922682.24255379,56040369.46993552,73513947.00156212,0.3158591258365577,0.5328352490421456
2026-01-29,0.99829,157104361.48272353,1.0,-0.0017099999999999,0.0017099999999999,1,1.0,-0.0001201983273846,-0.0002103123145611,-0.0002302913195357,1.0011563355824971e-05,0.0002544995331475,0.0002382924867874,0.0003352950369267,169650971.4180845,202818939.4947868,55120488.9786667,73071412.61489856,0.549309544261965,0.6427777777777777
2026-01-30,0.99837,209633538.0076844,1.0,-0.00163,0.00163,1,0.0,8.013382352807042e-05,-0.0001201983273846,-0.0002103123145611,-0.0002302913195357,0.0002402273571612,0.0002424790517767,0.0003307407100338,157104361.48272353,154068349.62286583,57658943.8391148,72782418.56918855,0.4972259799346547,0.5356130268199234
2026-01-31,0.99874,161230281.4217399,1.0,-0.00126,0.00126,0,0.0,0.0003705354279266,8.013382352807042e-05,-0.0001201983273846,-0.0002103123145611,0.0002662514849012,0.0002700395278347,0.0003369477650808,209633538.0076844,169650971.4180845,45727990.0447724,63785944.52453861,0.19878009261435803,0.0869939117396014
2026-02-01,0.99891,50579656.51545367,1.0,-0.00109,0.00109,0,0.0,0.0001701999853932,0.0003705354279266,8.013382352807042e-05,-0.0001201983273846,0.000217484720231,0.0002764244530886,0.0002997301117663,161230281.4217399,157104361.48272353,52243357.406074055,64074931.74150975,0.07192031067697484,0.00722899756021353
2026-02-02,0.99904,206702374.17515737,1.0,-0.0009599999999999,0.0009599999999999,0,1.0,0.0001301333869051,0.0001701999853932,0.0003705354279266,8.013382352807042e-05,0.000222173214763,0.0002747032168109,0.0003007123982036,50579656.51545367,209633538.0076844,52817695.670894936,64094273.18392598,0.06521008662556867,0.009760585213752403
2026-02-03,0.99846,173758151.6213464,1.0,-0.0015399999999999,0.0015399999999999,1,1.0,-0.0005807259237047,0.0001301333869051,0.0001701999853932,0.0003705354279266,0.000311414602339,0.0002821107617371,0.0003177934258883,206702374.17515737,161230281.4217399,53070747.91612423,60684583.38463184,0.2588906597283199,0.3309160571229537
2026-02-04,0.99785,293717458.64883024,1.0,-0.0021499999999999,0.0021499999999999,1,1.0,-0.0006111275493135,-0.0005807259237047,0.0001301333869051,0.0001701999853932,0.0003807492085391,0.0003111278711594,0.0003245639107678,173758151.6213464,50579656.51545367,73235195.59736577,64758057.64658991,0.7872837403851184,0.5133333333333333
2026-02-05,0.99814,469147744.54305625,1.0,-0.0018599999999999,0.0018599999999999,1,0.0,0.000290582620194,-0.0006111275493135,-0.0005807259237047,0.0001301333869051,0.0004044652053565,0.0003269363159367,0.0003257995945347,293717458.64883024,206702374.17515737,130384654.68850128,104435283.57809308,0.6517480227439112,0.71
2026-02-06,0.99938,372557550.76118624,1.0,-0.0006199999999999,0.0006199999999999,0,0.0,0.001241539668469,0.000290582620194,-0.0006111275493135,-0.0005807259237047,0.0006289833973101,0.0004671753473186,0.0003874278298611,469147744.54305625,173758151.6213464,141552262.96769544,115977079.37496217,0.016568107520400666,0.12917240522644727
2026-02-07,0.99928,89754197.47497047,1.0,-0.00072,0.00072,0,0.0,-0.0001000670450036,0.001241539668469,0.000290582620194,-0.0006111275493135,0.0006259332879476,0.0004623723051909,0.0003876176893376,372557550.76118624,293717458.64883024,151016299.8865477,114213606.694278,0.010951372352252988,0.010107280106974337
2026-02-08,0.99937,38245034.34649612,1.0,-0.00063,0.00063,0,0.0,9.006079109485563e-05,-0.0001000670450036,0.001241539668469,0.000290582620194,0.0006246808402056,0.0004503021630291,0.0003800953494309,89754197.47497047,469147744.54305625,153598495.4785274,117233174.63213667,0.013575263268440692,0.03832511247393185
2026-02-09,0.9994,198615493.129522,1.0,-0.0006,0.0006,0,0.0,3.0018461355961172e-05,9.006079109485563e-05,-0.0001000670450036,0.001241539668469,0.000624107463091,0.0004502386217637,0.0003789827336444,38245034.34649612,372557550.76118624,153875566.1093901,117220728.16766292,0.00364367057903594,8.601390361729704e-05
2026-02-10,0.9994,292000297.34201497,1.0,-0.0006,0.0006,0,0.0,0.0,3.0018461355961172e-05,9.006079109485563e-05,-0.0001000670450036,0.0005615250370293,0.0004437913758629,0.0003789827336444,198615493.129522,89754197.47497047,152686088.3837306,119200174.43032888,0.006941982692000816,0.0
2026-02-11,0.99924,337250242.0952419,1.0,-0.0007599999999999,0.0007599999999999,0,0.0,-0.0001601088743763,0.0,3.0018461355961172e-05,9.006079109485563e-05,0.0004819578117299,0.0004416737502599,0.0003790791550742,292000297.34201497,38245034.34649612,155594926.77348536,123613241.62068915,0.012642384298454466,0.003975029306245278
2026-02-12,0.99919,243850669.200396,1.0,-0.0008099999999999,0.0008099999999999,0,0.0,-5.003928084589156e-05,-0.0001601088743763,0.0,3.0018461355961172e-05,0.0004883072119707,0.0004398741232644,0.0003616307417526,337250242.0952419,198615493.129522,124553642.87864016,122501689.54533993,0.034709880863013326,0.0009553013155027938
2026-02-13,0.99941,181244266.04713893,1.0,-0.0005899999999999,0.0005899999999999,0,0.0,0.0002201541087647,-5.003928084589156e-05,-0.0001601088743763,0.0,0.0001261634874259,0.000441847593904,0.0003494992617285,243850669.200396,292000297.34201497,106336946.73450084,122993104.75496648,0.03436199511642174,0.0
2026-02-14,0.99941,53709759.23993675,1.0,-0.0005899999999999,0.0005899999999999,0,0.0,0.0,0.0002201541087647,-5.003928084589156e-05,-0.0001601088743763,0.0001177576716941,0.0004337661202493,0.0003469313432945,181244266.04713893,337250242.0952419,113070991.78970024,130226982.6056811,0.02882098957985528,0.0
2026-02-15,0.99941,33716947.22091408,1.0,-0.0005899999999999,0.0005899999999999,0,0.0,0.0,0.0,0.0002201541087647,-5.003928084589156e-05,0.0001134892582058,0.0004324579201381,0.0003460342314075,53709759.23993675,243850669.200396,114106299.93879868,131925298.08841296,0.02342238511862225,1.3550135501355015e-05
2026-02-16,0.99948,79399255.58699141,1.0,-0.0005199999999999,0.0005199999999999,0,0.0,7.003887160236886e-05,0.0,0.0,0.0002201541087647,0.0001158999179226,0.0004317466271451,0.0003462443403612,33716947.22091408,181244266.04713893,121520401.57876556,136705439.35349956,0.012396480707746679,1.3550135501355015e-05
