date_utc,asset,close_binance,close_kraken,close_coinbase
2024-02-28,BTC,62432.1,62487.8,62518.9
2024-02-29,BTC,61130.98,61180.9,61179.03
2024-03-01,BTC,62387.9,62434.3,62436.72
2024-03-02,BTC,61987.28,62033.7,62045.78
2024-03-03,BTC,63113.97,63178.2,63154.49
2024-03-04,BTC,68245.71,68323.1,68360.14
2024-03-05,BTC,63724.01,63802.3,63800.78
2024-03-06,BTC,66074.04,66098.9,66122.28
2024-03-07,BTC,66823.17,66936.5,66938.21
2024-03-08,BTC,68124.19,68333.0,68289.16
2024-03-09,BTC,68313.27,68459.1,68480.0
2024-03-10,BTC,68955.88,69040.1,69032.12
2024-03-11,BTC,72078.1,72100.0,72110.98
2024-03-12,BTC,71452.01,71484.7,71475.93
2024-03-13,BTC,73072.41,73082.4,73135.04
2024-03-14,BTC,71388.94,71371.2,71364.58
2024-03-15,BTC,69499.85,69488.8,69506.88
2024-03-16,BTC,65300.63,65249.6,65254.22
2024-03-17,BTC,68393.48,68355.6,68343.64
2024-03-18,BTC,67609.99,67600.0,67613.04
2024-03-19,BTC,61937.4,61908.4,61906.27
2024-03-20,BTC,67840.51,67866.0,67858.8
2024-03-21,BTC,65501.27,65499.9,65484.7
2024-03-22,BTC,63796.64,63810.1,63814.56
2024-03-23,BTC,63990.01,64034.5,63998.86
2024-03-24,BTC,67209.99,67193.9,67204.93
2024-03-25,BTC,69880.01,69950.0,69890.28
2024-03-26,BTC,69988.0,70000.1,69992.4
2024-03-27,BTC,69469.99,69437.3,69435.96
2024-03-28,BTC,70780.6,70742.2,70801.18
2024-03-29,BTC,69850.54,69917.1,69903.75
2024-03-30,BTC,69582.18,69652.0,69626.87
2024-03-31,BTC,71280.01,71306.8,71288.9
2024-04-01,BTC,69649.8,69681.1,69681.82
2024-04-02,BTC,65463.99,65457.6,65464.14
2024-04-03,BTC,65963.28,65991.5,65987.92
2024-04-04,BTC,68487.79,68527.4,68525.23
2024-04-05,BTC,67820.62,67856.5,67856.51
2024-04-06,BTC,68896.0,68908.6,68919.89
2024-04-07,BTC,69360.39,69386.1,69350.34
2024-04-08,BTC,71620.0,71650.0,71622.53
2024-04-09,BTC,69146.0,69159.9,69117.01
2024-04-10,BTC,70631.08,70612.2,70634.04
2024-04-11,BTC,70006.23,70046.4,70020.73
2024-04-12,BTC,67116.52,67205.2,67148.61
2024-04-13,BTC,63924.51,64042.4,64024.77
2024-04-14,BTC,65661.84,65700.0,65777.05
2024-04-15,BTC,63419.99,63408.4,63452.18
2024-04-16,BTC,63793.39,63832.6,63814.94
2024-04-17,BTC,61277.37,61284.4,61279.36
2024-04-18,BTC,63470.08,63509.1,63513.85
2024-04-19,BTC,63818.01,63849.1,63848.37
2024-04-20,BTC,64940.59,64993.7,64968.87
2024-04-21,BTC,64941.15,64953.6,64952.92
2024-04-22,BTC,66819.32,66831.4,66859.17
2024-04-23,BTC,66414.0,66419.8,66414.16
2024-04-24,BTC,64289.59,64291.3,64255.78
2024-04-25,BTC,64498.34,64489.1,64484.44
2024-04-26,BTC,63770.01,63750.8,63742.39
2024-04-27,BTC,63461.98,63425.0,63422.0
2024-04-28,BTC,63118.62,63114.9,63108.94
2024-04-29,BTC,63866.0,63822.1,63844.85
2024-04-30,BTC,60672.0,60610.0,60622.1
2024-05-01,BTC,58364.97,58272.2,58265.59
2024-05-02,BTC,59060.61,59124.1,59071.89
2024-05-03,BTC,62882.01,62925.8,62913.03
2024-05-04,BTC,63892.04,63895.3,63902.88
2024-05-05,BTC,64012.0,64067.5,64023.45
2024-05-06,BTC,63165.19,63161.7,63162.24
2024-05-07,BTC,62312.08,62325.0,62315.76
2024-05-08,BTC,61193.03,61172.1,61169.53
2024-05-09,BTC,63074.01,63051.9,63073.57
2024-05-10,BTC,60799.99,60794.6,60787.47
2024-05-11,BTC,60825.99,60805.0,60814.63
2024-05-12,BTC,61483.99,61444.6,61453.02
2024-05-13,BTC,62940.08,62910.0,62932.37
2024-05-14,BTC,61577.49,61568.6,61539.84
2024-05-15,BTC,66206.5,66233.0,66244.69
2024-05-16,BTC,65235.21,65228.4,65252.18
2024-05-17,BTC,67024.0,67043.5,67046.33
2024-05-18,BTC,66915.2,66920.0,66923.87
2024-05-19,BTC,66274.01,66262.4,66261.62
2024-05-20,BTC,71446.62,71408.1,71432.17
2024-05-21,BTC,70148.34,70145.1,70142.84
2024-05-22,BTC,69166.62,69144.0,69109.93
2024-05-23,BTC,67969.65,67940.8,67940.45
2024-05-24,BTC,68549.99,68539.1,68547.8
2024-05-25,BTC,69290.57,69278.7,69289.67
2024-05-26,BTC,68507.67,68476.4,68473.72
2024-05-27,BTC,69436.43,69377.8,69368.72
2024-05-28,BTC,68398.39,68324.9,68321.98
2024-05-29,BTC,67652.42,67575.4,67569.45
2024-05-30,BTC,68352.17,68365.0,68338.58
2024-05-31,BTC,67540.01,67498.1,67472.41
2024-06-01,BTC,67766.85,67717.2,67719.29
2024-06-02,BTC,67765.63,67729.1,67735.52
2024-06-03,BTC,68809.9,68800.0,68791.0
2024-06-04,BTC,70537.84,70558.6,70542.32
2024-06-05,BTC,71108.0,71103.6,71121.11
2024-06-06,BTC,70799.06,70752.1,70773.64
2024-06-07,BTC,69355.6,69317.0,69324.53
2024-06-08,BTC,69310.46,69291.5,69304.05
2024-06-09,BTC,69648.14,69649.9,69637.87
2024-06-10,BTC,69540.0,69522.1,69497.73
2024-06-11,BTC,67314.24,67348.6,67316.53
2024-06-12,BTC,68263.99,68233.7,68248.6
2024-06-13,BTC,66773.01,66756.5,66738.85
2024-06-14,BTC,66043.99,65992.1,66004.39
2024-06-15,BTC,66228.25,66198.1,66192.0
2024-06-16,BTC,66676.87,66635.4,66628.75
2024-06-17,BTC,66504.33,66487.6,66481.81
2024-06-18,BTC,65175.32,65169.7,65152.8
2024-06-19,BTC,64974.37,64949.0,64943.79
2024-06-20,BTC,64869.99,64833.3,64840.88
2024-06-21,BTC,64143.56,64087.9,64120.28
2024-06-22,BTC,64262.01,64253.0,64235.01
2024-06-23,BTC,63210.01,63176.1,63171.43
2024-06-24,BTC,60293.3,60297.0,60263.0
2024-06-25,BTC,61806.01,61794.0,61789.71
2024-06-26,BTC,60864.99,60815.1,60816.68
2024-06-27,BTC,61706.47,61617.1,61615.39
2024-06-28,BTC,60427.84,60319.6,60313.35
2024-06-29,BTC,60986.68,60860.0,60885.67
2024-06-30,BTC,62772.01,62680.3,62668.26
2024-07-01,BTC,62899.99,62858.5,62830.13
2024-07-02,BTC,62135.47,62019.9,62040.22
2024-07-03,BTC,60208.58,60146.6,60145.01
2024-07-04,BTC,57050.01,57021.1,57042.14
2024-07-05,BTC,56628.79,56650.1,56639.43
2024-07-06,BTC,58230.13,58234.9,58244.75
2024-07-07,BTC,55857.81,55845.4,55854.09
2024-07-08,BTC,56714.62,56699.3,56699.43
2024-07-09,BTC,58050.0,58001.6,58047.86
2024-07-10,BTC,57725.85,57743.1,57712.59
2024-07-11,BTC,57339.89,57350.0,57340.77
2024-07-12,BTC,57889.1,57911.4,57909.03
2024-07-13,BTC,59204.02,59222.8,59224.58
2024-07-14,BTC,60797.91,60810.0,60808.42
2024-07-15,BTC,64724.14,64764.2,64757.16
2024-07-16,BTC,65043.99,65088.7,65088.99
2024-07-17,BTC,64087.99,64120.0,64085.81
2024-07-18,BTC,63987.92,63960.7,63982.86
2024-07-19,BTC,66660.0,66708.9,66707.61
2024-07-20,BTC,67139.96,67166.1,67163.83
2024-07-21,BTC,68165.34,68137.1,68181.28
2024-07-22,BTC,67532.01,67595.1,67558.22
2024-07-23,BTC,65936.01,65900.8,65939.24
2024-07-24,BTC,65376.0,65367.0,65366.4
2024-07-25,BTC,65799.95,65795.4,65795.42
2024-07-26,BTC,67907.99,67914.7,67924.08
2024-07-27,BTC,67896.5,67900.8,67899.41
2024-07-28,BTC,68249.88,68250.0,68244.3
2024-07-29,BTC,66784.69,66755.3,66771.45
2024-07-30,BTC,66188.0,66175.1,66169.68
2024-07-31,BTC,64628.0,64638.1,64609.62
2024-08-01,BTC,65354.02,65300.0,65288.18
2024-08-02,BTC,61498.33,61409.9,61418.06
2024-08-03,BTC,60697.99,60688.5,60674.93
2024-08-04,BTC,58161.0,58103.0,58130.95
2024-08-05,BTC,54018.81,54006.5,54029.12
2024-08-06,BTC,56022.01,56080.0,56048.08
2024-08-07,BTC,55134.16,55091.0,55148.1
2024-08-08,BTC,61685.99,61704.7,61705.58
2024-08-09,BTC,60837.99,60859.9,60862.13
2024-08-10,BTC,60923.51,60951.7,60935.02
2024-08-11,BTC,58712.59,58717.7,58722.49
2024-08-12,BTC,59346.64,59359.9,59358.78
2024-08-13,BTC,60587.15,60600.0,60603.19
2024-08-14,BTC,58683.39,58693.6,58690.62
2024-08-15,BTC,57541.06,57554.9,57543.61
2024-08-16,BTC,58874.6,58898.4,58888.99
2024-08-17,BTC,59491.99,59473.3,59497.49
2024-08-18,BTC,58427.35,58466.5,58437.9
2024-08-19,BTC,59438.5,59493.7,59452.67
2024-08-20,BTC,59013.8,59023.3,59017.59
2024-08-21,BTC,61156.03,61179.7,61163.28
2024-08-22,BTC,60375.84,60391.1,60383.29
2024-08-23,BTC,64037.24,64087.4,64086.72
2024-08-24,BTC,64157.01,64176.0,64179.63
2024-08-25,BTC,64220.0,64288.1,64251.93
2024-08-26,BTC,62834.0,62854.7,62840.0
2024-08-27,BTC,59415.0,59458.0,59439.64
2024-08-28,BTC,59034.9,59025.6,59045.88
2024-08-29,BTC,59359.01,59385.5,59364.47
2024-08-30,BTC,59123.99,59105.0,59112.77
2024-08-31,BTC,58973.99,58972.3,58968.37
2024-09-01,BTC,57301.86,57321.2,57299.0
2024-09-02,BTC,59132.13,59128.6,59139.83
2024-09-03,BTC,57487.73,57497.6,57468.84
2024-09-04,BTC,57970.9,57970.0,57971.0
2024-09-05,BTC,56180.0,56163.9,56156.82
2024-09-06,BTC,53962.97,53948.3,53950.01
2024-09-07,BTC,54160.86,54146.4,54156.33
2024-09-08,BTC,54869.95,54856.8,54881.11
2024-09-09,BTC,57042.0,57062.7,57053.9
2024-09-10,BTC,57635.99,57630.0,57645.59
2024-09-11,BTC,57338.0,57350.6,57352.79
2024-09-12,BTC,58132.32,58133.1,58137.54
2024-09-13,BTC,60498.0,60581.0,60543.35
2024-09-14,BTC,59993.03,60000.1,60012.35
2024-09-15,BTC,59132.0,59135.1,59122.33
2024-09-16,BTC,58213.99,58197.2,58208.75
2024-09-17,BTC,60313.99,60317.2,60312.6
2024-09-18,BTC,61759.99,61777.7,61769.18
2024-09-19,BTC,62947.99,62922.1,62960.14
2024-09-20,BTC,63201.05,63210.2,63210.69
2024-09-21,BTC,63348.96,63376.1,63362.74
2024-09-22,BTC,63578.76,63615.2,63577.66
2024-09-23,BTC,63339.99,63332.4,63338.87
2024-09-24,BTC,64262.7,64271.8,64272.93
2024-09-25,BTC,63152.01,63139.2,63130.89
2024-09-26,BTC,65173.99,65183.5,65177.21
2024-09-27,BTC,65769.95,65788.9,65789.0
2024-09-28,BTC,65858.0,65878.4,65858.99
2024-09-29,BTC,65602.01,65610.0,65600.01
2024-09-30,BTC,63327.59,63338.5,63301.25
2024-10-01,BTC,60805.78,60819.1,60790.0
2024-10-02,BTC,60649.28,60635.3,60631.37
2024-10-03,BTC,60752.71,60739.6,60744.99
2024-10-04,BTC,62086.0,62081.0,62090.71
2024-10-05,BTC,62058.0,62049.0,62051.29
2024-10-06,BTC,62819.91,62809.3,62810.86
2024-10-07,BTC,62224.0,62234.6,62200.28
2024-10-08,BTC,62160.49,62117.9,62122.02
2024-10-09,BTC,60636.02,60558.0,60578.28
2024-10-10,BTC,60326.39,60279.5,60279.53
2024-10-11,BTC,62540.0,62502.5,62518.75
2024-10-12,BTC,63206.22,63184.0,63187.47
2024-10-13,BTC,62870.02,62834.9,62845.3
2024-10-14,BTC,66083.99,66025.5,66065.65
2024-10-15,BTC,67074.14,67060.5,67056.6
2024-10-16,BTC,67620.01,67589.9,67608.44
2024-10-17,BTC,67421.78,67407.8,67402.33
2024-10-18,BTC,68428.0,68440.3,68426.11
2024-10-19,BTC,68378.0,68374.9,68363.73
2024-10-20,BTC,69031.99,69010.5,69014.86
2024-10-21,BTC,67377.5,67385.1,67346.15
2024-10-22,BTC,67426.0,67387.6,67380.08
2024-10-23,BTC,66668.65,66633.4,66601.11
2024-10-24,BTC,68198.28,68170.1,68156.84
2024-10-25,BTC,66698.33,66606.8,66564.51
2024-10-26,BTC,67092.76,67026.0,67012.56
2024-10-27,BTC,68021.7,67941.2,67943.19
2024-10-28,BTC,69962.21,69911.9,69924.5
2024-10-29,BTC,72736.42,72661.0,72724.35
2024-10-30,BTC,72344.74,72331.1,72322.91
2024-10-31,BTC,70292.01,70250.1,70197.83
2024-11-01,BTC,69496.01,69490.1,69467.29
2024-11-02,BTC,69374.74,69300.0,69358.94
2024-11-03,BTC,68775.99,68748.7,68738.18
2024-11-04,BTC,67850.01,67783.3,67807.48
2024-11-05,BTC,69372.01,69382.7,69380.73
2024-11-06,BTC,75571.99,75642.0,75646.55
2024-11-07,BTC,75857.89,75949.2,75920.0
2024-11-08,BTC,76509.78,76550.4,76566.73
2024-11-09,BTC,76677.46,76728.3,76716.06
2024-11-10,BTC,80370.01,80423.3,80428.92
2024-11-11,BTC,88647.99,88737.6,88770.73
2024-11-12,BTC,87952.01,88087.3,88035.43
2024-11-13,BTC,90375.2,90490.9,90493.82
2024-11-14,BTC,87325.59,87313.2,87340.4
2024-11-15,BTC,91032.07,91062.0,91058.36
2024-11-16,BTC,90586.92,90555.1,90636.24
2024-11-17,BTC,89855.99,89850.0,89886.69
2024-11-18,BTC,90464.08,90507.9,90520.3
2024-11-19,BTC,92310.79,92376.1,92435.89
2024-11-20,BTC,94286.56,94364.5,94393.15
2024-11-21,BTC,98317.12,98496.0,98439.09
2024-11-22,BTC,98892.0,99000.0,99024.03
2024-11-23,BTC,97672.4,97759.1,97778.77
2024-11-24,BTC,97900.04,97994.1,98028.18
2024-11-25,BTC,93010.01,93000.0,93000.01
2024-11-26,BTC,91965.16,91914.5,91929.54
2024-11-27,BTC,95863.11,95952.9,95951.19
2024-11-28,BTC,95643.98,95637.8,95665.53
2024-11-29,BTC,97460.0,97478.7,97490.56
2024-11-30,BTC,96407.99,96456.2,96465.42
2024-12-01,BTC,97185.18,97244.6,97263.18
2024-12-02,BTC,95840.62,95853.3,95862.89
2024-12-03,BTC,95849.69,95917.5,95924.52
2024-12-04,BTC,98587.32,98757.1,98746.24
2024-12-05,BTC,96945.63,97087.3,97044.23
2024-12-06,BTC,99740.84,99872.9,99891.35
2024-12-07,BTC,99831.99,99899.9,99929.32
2024-12-08,BTC,101109.59,101170.0,101174.99
2024-12-09,BTC,97276.47,97399.9,97324.81
2024-12-10,BTC,96593.0,96655.1,96660.76
2024-12-11,BTC,101125.0,101177.0,101202.11
2024-12-12,BTC,100004.29,100050.1,100030.47
2024-12-13,BTC,101424.25,101483.1,101428.75
2024-12-14,BTC,101420.0,101400.1,101399.99
2024-12-15,BTC,104463.99,104355.2,104447.76
2024-12-16,BTC,106058.66,106067.2,106099.81
2024-12-17,BTC,106133.74,106151.9,106136.99
2024-12-18,BTC,100204.01,100166.1,100150.73
2024-12-19,BTC,97461.86,97431.4,97372.21
2024-12-20,BTC,97805.44,97781.8,97765.0
2024-12-21,BTC,97291.99,97232.6,97230.08
2024-12-22,BTC,95186.27,95101.9,95087.75
2024-12-23,BTC,94881.47,94699.4,94764.56
2024-12-24,BTC,98663.58,98647.2,98594.47
2024-12-25,BTC,99429.6,99310.8,99346.28
2024-12-26,BTC,95791.6,95645.0,95669.49
2024-12-27,BTC,94299.03,94148.9,94171.89
2024-12-28,BTC,95300.0,95204.1,95130.82
2024-12-29,BTC,93738.2,93551.0,93563.35
2024-12-30,BTC,92792.05,92611.3,92620.71
2024-12-31,BTC,93576.0,93370.9,93354.22
2025-01-01,BTC,94591.79,94380.8,94383.59
2025-01-02,BTC,96984.79,96805.2,96903.19
2025-01-03,BTC,98174.18,98111.1,98136.51
2025-01-04,BTC,98220.5,98208.9,98209.85
2025-01-05,BTC,98363.61,98306.2,98345.33
2025-01-06,BTC,102235.6,102222.0,102279.41
2025-01-07,BTC,96954.61,96932.2,96941.98
2025-01-08,BTC,95060.61,95060.4,95036.63
2025-01-09,BTC,92552.49,92531.7,92547.44
2025-01-10,BTC,94726.11,94698.8,94701.18
2025-01-11,BTC,94599.99,94562.1,94565.02
2025-01-12,BTC,94545.06,94449.9,94509.62
2025-01-13,BTC,94536.1,94487.1,94506.45
2025-01-14,BTC,96560.86,96560.1,96534.96
2025-01-15,BTC,100497.35,100496.4,100510.23
2025-01-16,BTC,99987.3,99976.7,99981.78
2025-01-17,BTC,104077.48,104089.8,104107.0
2025-01-18,BTC,104556.23,104382.0,104435.0
2025-01-19,BTC,101331.57,101191.1,101211.13
2025-01-20,BTC,102260.01,102162.8,102145.43
2025-01-21,BTC,106143.82,106162.8,106159.26
2025-01-22,BTC,103706.66,103648.5,103667.11
2025-01-23,BTC,103910.34,103920.2,103926.36
2025-01-24,BTC,104870.5,104840.4,104850.27
2025-01-25,BTC,104746.85,104705.2,104733.56
2025-01-26,BTC,102620.0,102596.5,102563.0
2025-01-27,BTC,102082.83,102133.3,102062.42
2025-01-28,BTC,101335.52,101299.8,101290.0
2025-01-29,BTC,103733.24,103708.0,103747.25
2025-01-30,BTC,104722.94,104750.1,104742.64
2025-01-31,BTC,102429.56,102406.0,102411.26
2025-02-01,BTC,100635.65,100624.2,100623.85
2025-02-02,BTC,97700.59,97696.1,97676.52
2025-02-03,BTC,101328.52,101425.1,101460.2
2025-02-04,BTC,97763.13,97868.5,97795.05
2025-02-05,BTC,96612.43,96623.8,96638.33
2025-02-06,BTC,96554.35,96559.2,96564.62
2025-02-07,BTC,96506.8,96547.5,96537.08
2025-02-08,BTC,96444.74,96496.5,96476.25
2025-02-09,BTC,96462.75,96473.0,96475.82
2025-02-10,BTC,97430.82,97441.2,97444.41
2025-02-11,BTC,95778.2,95767.1,95774.08
2025-02-12,BTC,97869.99,97874.0,97862.53
2025-02-13,BTC,96608.14,96628.0,96625.29
2025-02-14,BTC,97500.48,97464.0,97509.03
2025-02-15,BTC,97569.66,97588.2,97596.94
2025-02-16,BTC,96118.12,96144.1,96119.88
2025-02-17,BTC,95780.0,95772.8,95781.8
2025-02-18,BTC,95671.74,95600.0,95607.4
2025-02-19,BTC,96644.37,96625.7,96632.03
2025-02-20,BTC,98305.0,98339.1,98347.2
2025-02-21,BTC,96181.98,96099.5,96157.03
2025-02-22,BTC,96551.01,96600.1,96582.12
2025-02-23,BTC,96258.0,96303.4,96265.98
2025-02-24,BTC,91552.88,91534.4,91510.82
2025-02-25,BTC,88680.4,88632.6,88583.74
2025-02-26,BTC,84250.09,84089.8,84111.78
2025-02-27,BTC,84708.58,84691.4,84625.19
2025-02-28,BTC,84349.94,84309.2,84297.73
2025-03-01,BTC,86064.53,86020.8,86018.76
2025-03-02,BTC,94270.0,94285.0,94265.48
2025-03-03,BTC,86220.61,86144.7,86161.1
2025-03-04,BTC,87281.98,87250.0,87249.96
2025-03-05,BTC,90606.01,90610.4,90603.73
2025-03-06,BTC,89931.89,89916.8,89921.85
2025-03-07,BTC,86801.75,86762.3,86756.98
2025-03-08,BTC,86222.45,86164.1,86206.69
2025-03-09,BTC,80734.37,80684.0,80699.17
2025-03-10,BTC,78595.86,78558.8,78544.71
2025-03-11,BTC,82932.99,82900.0,82914.51
2025-03-12,BTC,83680.12,83673.4,83659.43
2025-03-13,BTC,81115.78,81112.3,81073.43
2025-03-14,BTC,83983.2,83997.6,83980.49
2025-03-15,BTC,84338.44,84332.9,84351.46
2025-03-16,BTC,82574.53,82599.9,82562.57
2025-03-17,BTC,84010.03,84015.2,84011.4
2025-03-18,BTC,82715.03,82705.4,82698.76
2025-03-19,BTC,86845.94,86879.5,86877.96
2025-03-20,BTC,84223.39,84178.6,84183.42
2025-03-21,BTC,84088.79,84034.3,84061.96
2025-03-22,BTC,83840.59,83800.0,83852.03
2025-03-23,BTC,86082.5,86076.5,86092.94
2025-03-24,BTC,87498.16,87505.3,87523.62
2025-03-25,BTC,87392.87,87458.1,87427.88
2025-03-26,BTC,86909.17,86899.0,86926.01
2025-03-27,BTC,87232.01,87209.9,87217.48
2025-03-28,BTC,84424.38,84373.9,84381.8
2025-03-29,BTC,82648.54,82613.8,82616.83
2025-03-30,BTC,82389.99,82325.4,82379.98
2025-03-31,BTC,82550.01,82523.0,82534.32
2025-04-01,BTC,85158.34,85201.1,85170.37
2025-04-02,BTC,82516.29,82508.1,82490.08
2025-04-03,BTC,83213.09,83132.9,83174.33
2025-04-04,BTC,83889.87,83840.8,83860.16
2025-04-05,BTC,83537.99,83508.9,83498.25
2025-04-06,BTC,78430.0,78363.4,78370.75
2025-04-07,BTC,79163.24,79130.1,79140.01
2025-04-08,BTC,76322.42,76276.5,76251.64
2025-04-09,BTC,82615.22,82556.3,82594.75
2025-04-10,BTC,79607.3,79552.1,79552.34
2025-04-11,BTC,83423.84,83420.1,83380.47
2025-04-12,BTC,85276.9,85284.1,85271.01
2025-04-13,BTC,83760.0,83719.0,83733.07
2025-04-14,BTC,84591.58,84530.7,84590.36
2025-04-15,BTC,83643.99,83633.5,83629.78
2025-04-16,BTC,84030.38,84023.8,84028.72
2025-04-17,BTC,84947.91,84910.1,84961.97
2025-04-18,BTC,84474.69,84472.5,84466.47
2025-04-19,BTC,85077.01,85121.3,85074.99
2025-04-20,BTC,85179.24,85150.1,85177.34
2025-04-21,BTC,87516.23,87500.6,87522.07
2025-04-22,BTC,93442.99,93472.0,93489.1
2025-04-23,BTC,93691.08,93677.0,93740.92
2025-04-24,BTC,93980.47,93999.9,94021.96
2025-04-25,BTC,94638.68,94717.1,94708.79
2025-04-26,BTC,94628.0,94663.5,94666.64
2025-04-27,BTC,93749.3,93817.0,93780.57
2025-04-28,BTC,95011.18,94998.1,95042.57
2025-04-29,BTC,94256.82,94269.6,94271.09
2025-04-30,BTC,94172.0,94205.4,94182.54
2025-05-01,BTC,96489.91,96469.9,96524.98
2025-05-02,BTC,96887.14,96920.7,96929.81
2025-05-03,BTC,95856.42,95869.9,95861.33
2025-05-04,BTC,94277.62,94303.1,94272.55
2025-05-05,BTC,94733.68,94727.0,94733.99
2025-05-06,BTC,96834.02,96816.7,96839.17
2025-05-07,BTC,97030.5,97031.4,97058.32
2025-05-08,BTC,103261.6,103228.0,103253.49
2025-05-09,BTC,102971.99,102976.9,102986.96
2025-05-10,BTC,104809.53,104800.0,104821.19
2025-05-11,BTC,104118.0,104119.0,104137.62
2025-05-12,BTC,102791.32,102825.0,102800.21
2025-05-13,BTC,104103.72,104156.7,104131.06
2025-05-14,BTC,103507.82,103589.7,103545.38
2025-05-15,BTC,103763.71,103761.7,103786.43
2025-05-16,BTC,103463.9,103500.1,103500.03
2025-05-17,BTC,103126.65,103169.1,103161.07
2025-05-18,BTC,106454.26,106525.6,106473.46
2025-05-19,BTC,105573.74,105637.7,105616.18
2025-05-20,BTC,106849.99,106855.6,106883.24
2025-05-21,BTC,109643.99,109675.1,109699.54
2025-05-22,BTC,111696.21,111711.1,111722.53
2025-05-23,BTC,107318.3,107333.5,107329.61
2025-05-24,BTC,107761.91,107824.2,107794.01
2025-05-25,BTC,109004.19,109040.4,109048.68
2025-05-26,BTC,109434.79,109468.6,109464.32
2025-05-27,BTC,108938.17,109004.9,108978.46
2025-05-28,BTC,107781.78,107811.7,107819.29
2025-05-29,BTC,105589.75,105632.4,105572.58
2025-05-30,BTC,103985.48,104019.7,104033.26
2025-05-31,BTC,104591.88,104662.0,104645.87
2025-06-01,BTC,105642.93,105712.4,105697.94
2025-06-02,BTC,105857.99,105920.3,105904.94
2025-06-03,BTC,105376.89,105446.0,105447.82
2025-06-04,BTC,104696.86,104745.4,104753.38
2025-06-05,BTC,101508.68,101579.7,101570.2
2025-06-06,BTC,104288.44,104376.0,104397.99
2025-06-07,BTC,105552.15,105654.5,105619.02
2025-06-08,BTC,105734.0,105754.2,105784.4
2025-06-09,BTC,110263.02,110280.0,110301.15
2025-06-10,BTC,110274.39,110273.6,110300.24
2025-06-11,BTC,108645.12,108702.0,108669.37
2025-06-12,BTC,105671.73,105760.1,105721.05
2025-06-13,BTC,106066.59,106122.3,106118.7
2025-06-14,BTC,105414.64,105479.4,105465.42
2025-06-15,BTC,105594.01,105581.4,105599.25
2025-06-16,BTC,106794.53,106800.1,106853.38
2025-06-17,BTC,104551.17,104622.4,104590.44
2025-06-18,BTC,104886.78,104892.0,104915.6
2025-06-19,BTC,104658.59,104675.2,104671.9
2025-06-20,BTC,103297.99,103292.0,103317.8
2025-06-21,BTC,102120.01,102144.0,102160.03
2025-06-22,BTC,100963.87,100987.9,100996.87
2025-06-23,BTC,105333.93,105382.0,105419.39
2025-06-24,BTC,106083.0,106100.0,106141.0
2025-06-25,BTC,107340.58,107360.0,107400.22
2025-06-26,BTC,106947.06,106945.0,107029.64
2025-06-27,BTC,107047.59,107115.4,107113.38
2025-06-28,BTC,107296.79,107325.1,107352.2
2025-06-29,BTC,108356.93,108387.2,108386.44
2025-06-30,BTC,107146.5,107120.3,107173.21
2025-07-01,BTC,105681.14,105700.1,105711.78
2025-07-02,BTC,108849.6,108846.9,108888.32
2025-07-03,BTC,109584.78,109631.0,109628.83
2025-07-04,BTC,107984.24,108018.9,108028.6
2025-07-05,BTC,108198.12,108249.5,108246.65
2025-07-06,BTC,109203.84,109223.2,109217.98
2025-07-07,BTC,108262.94,108282.1,108269.84
2025-07-08,BTC,108922.98,108931.9,108958.04
2025-07-09,BTC,111233.99,111323.7,111282.85
2025-07-10,BTC,116010.0,115990.2,116031.3
2025-07-11,BTC,117527.66,117532.6,117582.16
2025-07-12,BTC,117420.0,117461.0,117472.65
2025-07-13,BTC,119086.64,119102.1,119130.81
2025-07-14,BTC,119841.18,119855.0,119863.71
2025-07-15,BTC,117758.09,117741.0,117781.64
2025-07-16,BTC,118630.43,118712.6,118681.68
2025-07-17,BTC,119177.56,119321.0,119273.69
2025-07-18,BTC,117924.84,118011.9,118023.05
2025-07-19,BTC,117840.0,117909.1,117914.17
2025-07-20,BTC,117265.12,117319.1,117312.7
2025-07-21,BTC,117380.36,117461.0,117428.79
2025-07-22,BTC,119954.42,119977.5,120026.42
2025-07-23,BTC,118755.99,118735.3,118810.44
2025-07-24,BTC,118340.99,118386.9,118397.04
2025-07-25,BTC,117614.31,117628.1,117633.27
2025-07-26,BTC,117919.99,117937.5,117969.63
2025-07-27,BTC,119415.55,119455.0,119465.52
2025-07-28,BTC,118062.32,117979.7,118070.59
2025-07-29,BTC,117950.76,117923.0,117933.39
2025-07-30,BTC,117840.3,117820.7,117830.15
2025-07-31,BTC,115764.08,115762.3,115761.13
2025-08-01,BTC,113297.93,113290.2,113248.73
2025-08-02,BTC,112546.35,112525.2,112542.74
2025-08-03,BTC,114208.8,114224.1,114215.73
2025-08-04,BTC,115055.03,115092.1,115051.85
2025-08-05,BTC,114129.75,114115.0,114112.95
2025-08-06,BTC,114992.27,115010.0,115028.83
2025-08-07,BTC,117472.01,117498.1,117515.49
2025-08-08,BTC,116674.74,116676.0,116683.79
2025-08-09,BTC,116462.25,116467.4,116492.51
2025-08-10,BTC,119294.01,119288.4,119309.37
2025-08-11,BTC,118686.0,118724.5,118701.84
2025-08-12,BTC,120134.08,120172.0,120113.18
2025-08-13,BTC,123306.43,123354.3,123365.63
2025-08-14,BTC,118295.09,118383.1,118389.79
2025-08-15,BTC,117342.05,117426.7,117436.96
2025-08-16,BTC,117380.66,117487.5,117455.68
2025-08-17,BTC,117405.01,117441.3,117488.6
2025-08-18,BTC,116227.05,116260.0,116286.76
2025-08-19,BTC,112872.94,112830.3,112856.19
2025-08-20,BTC,114271.24,114262.7,114276.0
2025-08-21,BTC,112500.0,112462.5,112480.3
2025-08-22,BTC,116935.99,116817.9,116908.68
2025-08-23,BTC,115438.05,115344.1,115383.87
2025-08-24,BTC,113493.59,113456.1,113478.0
2025-08-25,BTC,110111.98,110144.9,110127.74
2025-08-26,BTC,111763.22,111829.3,111788.01
2025-08-27,BTC,111262.01,111268.6,111253.21
2025-08-28,BTC,112566.9,112563.7,112574.85
2025-08-29,BTC,108377.4,108400.1,108378.32
2025-08-30,BTC,108816.33,108750.0,108827.93
2025-08-31,BTC,108246.35,108250.0,108247.95
2025-09-01,BTC,109237.42,109263.5,109240.55
2025-09-02,BTC,111240.01,111196.9,111247.94
2025-09-03,BTC,111705.71,111771.1,111756.41
2025-09-04,BTC,110730.87,110744.3,110720.79
2025-09-05,BTC,110659.99,110647.8,110670.02
2025-09-06,BTC,110187.97,110254.9,110212.6
2025-09-07,BTC,111137.34,111152.8,111129.61
2025-09-08,BTC,112065.23,112050.1,112072.57
2025-09-09,BTC,111546.39,111541.0,111549.32
2025-09-10,BTC,113960.0,113952.8,113983.97
2025-09-11,BTC,115482.69,115500.0,115540.0
2025-09-12,BTC,116029.42,116111.7,116106.03
2025-09-13,BTC,115918.29,115949.1,115968.35
2025-09-14,BTC,115268.01,115390.6,115314.13
2025-09-15,BTC,115349.71,115374.9,115381.08
2025-09-16,BTC,116788.96,116764.2,116832.56
2025-09-17,BTC,116447.59,116469.0,116484.4
2025-09-18,BTC,117073.53,117135.7,117117.99
2025-09-19,BTC,115632.38,115677.2,115690.55
2025-09-20,BTC,115685.63,115739.1,115752.4
2025-09-21,BTC,115232.29,115298.9,115282.27
2025-09-22,BTC,112650.99,112747.8,112736.59
2025-09-23,BTC,111998.8,112001.5,112017.21
2025-09-24,BTC,113307.0,113300.0,113348.17
2025-09-25,BTC,108994.49,109049.8,109035.72
2025-09-26,BTC,109643.46,109706.3,109697.29
2025-09-27,BTC,109635.85,109720.5,109681.16
2025-09-28,BTC,112163.95,112127.8,112197.67
2025-09-29,BTC,114311.96,114365.2,114365.07
2025-09-30,BTC,114048.93,113995.0,114067.71
2025-10-01,BTC,118594.99,118599.9,118659.97
2025-10-02,BTC,120529.35,120649.9,120621.32
2025-10-03,BTC,122232.0,122259.5,122318.4
2025-10-04,BTC,122391.0,122426.4,122458.56
2025-10-05,BTC,123482.31,123542.1,123520.79
2025-10-06,BTC,124658.54,124766.5,124720.09
2025-10-07,BTC,121332.95,121419.8,121393.95
2025-10-08,BTC,123306.0,123329.7,123343.25
2025-10-09,BTC,121662.4,121699.0,121714.51
2025-10-10,BTC,112774.5,113000.1,112980.28
2025-10-11,BTC,110644.4,110775.1,110768.89
2025-10-12,BTC,114958.8,115125.3,115067.98
2025-10-13,BTC,115166.0,115165.5,115274.03
2025-10-14,BTC,113028.14,113106.2,113068.0
2025-10-15,BTC,110763.28,110781.9,110804.12
2025-10-16,BTC,108194.28,108182.3,108198.0
2025-10-17,BTC,106431.68,106451.0,106463.3
2025-10-18,BTC,107185.01,107199.0,107208.91
2025-10-19,BTC,108642.78,108669.8,108676.78
2025-10-20,BTC,110532.09,110574.4,110568.06
2025-10-21,BTC,108297.67,108406.1,108362.27
2025-10-22,BTC,107567.44,107644.1,107585.98
2025-10-23,BTC,110078.18,110080.0,110116.03
2025-10-24,BTC,111004.89,111000.0,111042.13
2025-10-25,BTC,111646.27,111645.2,111666.21
2025-10-26,BTC,114559.4,114509.9,114548.09
2025-10-27,BTC,114107.65,114153.0,114087.06
2025-10-28,BTC,112898.45,112918.0,112906.75
2025-10-29,BTC,110021.29,110104.2,110032.13
2025-10-30,BTC,108322.88,108302.7,108308.18
2025-10-31,BTC,109608.01,109552.7,109555.27
2025-11-01,BTC,110098.1,110018.0,110052.25
2025-11-02,BTC,110540.68,110589.6,110536.01
2025-11-03,BTC,106583.04,106538.3,106557.98
2025-11-04,BTC,101497.22,101537.3,101468.15
2025-11-05,BTC,103885.16,103900.0,103869.0
2025-11-06,BTC,101346.04,101290.1,101290.5
2025-11-07,BTC,103339.08,103279.9,103284.27
2025-11-08,BTC,102312.94,102282.1,102285.57
2025-11-09,BTC,104722.96,104729.8,104694.95
2025-11-10,BTC,106011.13,105973.3,105979.38
2025-11-11,BTC,103058.99,103011.5,103009.35
2025-11-12,BTC,101654.37,101666.6,101639.01
2025-11-13,BTC,99692.02,99680.1,99614.54
2025-11-14,BTC,94594.0,94517.3,94503.96
2025-11-15,BTC,95596.24,95537.9,95544.94
2025-11-16,BTC,94261.44,94190.1,94183.97
2025-11-17,BTC,92215.14,92101.3,92100.6
2025-11-18,BTC,92960.83,92966.1,92914.46
2025-11-19,BTC,91554.96,91427.7,91461.6
2025-11-20,BTC,86637.23,86503.0,86536.88
2025-11-21,BTC,85129.43,85069.4,85068.88
2025-11-22,BTC,84739.74,84679.9,84684.0
2025-11-23,BTC,86830.0,86777.4,86808.28
2025-11-24,BTC,88300.01,88275.0,88266.2
2025-11-25,BTC,87369.96,87326.3,87325.01
2025-11-26,BTC,90484.02,90535.7,90468.84
2025-11-27,BTC,91333.95,91281.4,91316.7
2025-11-28,BTC,90890.7,90912.7,90902.7
2025-11-29,BTC,90802.44,90833.6,90828.06
2025-11-30,BTC,90360.0,90373.9,90369.51
2025-12-01,BTC,86286.01,86300.0,86282.36
2025-12-02,BTC,91277.88,91313.5,91308.05
2025-12-03,BTC,93429.95,93457.9,93453.84
2025-12-04,BTC,92078.06,92142.6,92093.54
2025-12-05,BTC,89330.04,89332.4,89345.29
2025-12-06,BTC,89236.79,89240.1,89267.97
2025-12-07,BTC,90395.31,90435.1,90402.29
2025-12-08,BTC,90634.34,90650.1,90653.86
2025-12-09,BTC,92678.8,92702.2,92690.0
2025-12-10,BTC,92015.37,92019.8,92035.99
2025-12-11,BTC,92513.38,92541.0,92542.0
2025-12-12,BTC,90268.42,90277.2,90278.0
2025-12-13,BTC,90240.01,90254.1,90255.32
2025-12-14,BTC,88172.17,88163.0,88171.61
2025-12-15,BTC,86432.08,86434.3,86417.5
2025-12-16,BTC,87863.42,87840.7,87854.01
2025-12-17,BTC,86243.22,86207.8,86209.77
2025-12-18,BTC,85516.41,85462.5,85460.02
2025-12-19,BTC,88136.94,88105.2,88092.65
2025-12-20,BTC,88360.9,88338.1,88324.0
2025-12-21,BTC,88658.86,88622.2,88639.95
2025-12-22,BTC,88620.79,88544.2,88556.77
2025-12-23,BTC,87486.0,87416.4,87429.32
2025-12-24,BTC,87669.45,87613.7,87609.03
2025-12-25,BTC,87225.27,87198.0,87171.68
2025-12-26,BTC,87369.56,87303.6,87296.01
2025-12-27,BTC,87877.01,87802.6,87808.0
2025-12-28,BTC,87952.71,87853.3,87877.29
2025-12-29,BTC,87237.13,87135.1,87110.78
2025-12-30,BTC,88485.49,88401.9,88397.5
2025-12-31,BTC,87648.22,87500.1,87497.94
2026-01-01,BTC,88839.04,88731.8,88738.34
2026-01-02,BTC,89995.13,89934.0,89957.99
2026-01-03,BTC,90628.01,90590.1,90598.02
2026-01-04,BTC,91529.73,91507.0,91494.0
2026-01-05,BTC,93859.71,93866.9,93870.06
2026-01-06,BTC,93747.97,93711.8,93722.01
2026-01-07,BTC,91364.16,91273.3,91279.73
2026-01-08,BTC,91099.99,91029.1,91026.0
2026-01-09,BTC,90641.28,90513.2,90515.45
2026-01-10,BTC,90504.7,90375.2,90385.54
2026-01-11,BTC,91013.65,90849.8,90872.01
2026-01-12,BTC,91296.2,91190.9,91188.09
2026-01-13,BTC,95414.0,95358.1,95384.23
2026-01-14,BTC,96951.78,96933.3,96955.16
2026-01-15,BTC,95604.8,95559.4,95587.65
2026-01-16,BTC,95550.94,95510.9,95504.0
2026-01-17,BTC,95147.77,95089.9,95109.99
2026-01-18,BTC,93673.14,93632.6,93633.53
2026-01-19,BTC,92631.0,92546.5,92559.66
2026-01-20,BTC,88427.66,88309.9,88310.6
2026-01-21,BTC,89454.73,89372.9,89363.71
2026-01-22,BTC,89559.67,89454.2,89463.5
2026-01-23,BTC,89600.26,89495.0,89474.93
2026-01-24,BTC,89225.34,89079.6,89082.17
2026-01-25,BTC,86670.36,86572.3,86561.94
2026-01-26,BTC,88347.08,88247.4,88250.01
2026-01-27,BTC,89250.0,89124.1,89116.96
2026-01-28,BTC,89299.99,89159.6,89162.4
2026-01-29,BTC,84650.16,84515.1,84513.2
2026-01-30,BTC,84260.49,84124.7,84110.99
2026-01-31,BTC,78741.09,78648.4,78648.0
2026-02-01,BTC,76968.21,76882.2,76895.53
2026-02-02,BTC,78738.61,78669.2,78666.85
2026-02-03,BTC,75770.21,75662.0,75661.49
2026-02-04,BTC,73165.83,73013.6,72998.0
2026-02-05,BTC,62909.86,62858.1,62791.0
2026-02-06,BTC,70580.26,70527.4,70527.7
2026-02-07,BTC,69289.38,69268.8,69244.74
2026-02-08,BTC,70330.38,70305.0,70279.33
2026-02-09,BTC,70138.0,70087.2,70101.99
2026-02-10,BTC,68841.29,68785.5,68803.65
2026-02-11,BTC,67082.52,67052.3,67024.93
2026-02-12,BTC,66272.17,66203.8,66208.0
2026-02-13,BTC,68853.96,68837.0,68812.0
2026-02-14,BTC,69822.95,69758.4,69786.96
2026-02-15,BTC,68832.58,68780.0,68792.0
2026-02-16,BTC,68892.43,68860.0,68858.13
2026-02-17,BTC,67356.0,67227.2,67466.7
2024-02-28,ETH,3383.1,3385.53,3386.64
2024-02-29,ETH,3340.09,3342.6,3341.78
2024-03-01,ETH,3433.43,3436.26,3436.0
2024-03-02,ETH,3421.4,3421.49,3424.04
2024-03-03,ETH,3487.81,3489.54,3489.53
2024-03-04,ETH,3627.76,3631.23,3633.23
2024-03-05,ETH,3553.65,3560.01,3557.41
2024-03-06,ETH,3818.59,3817.95,3821.82
2024-03-07,ETH,3868.76,3872.54,3875.28
2024-03-08,ETH,3883.36,3892.23,3892.6
2024-03-09,ETH,3905.21,3914.01,3913.55
2024-03-10,ETH,3878.47,3880.98,3881.96
2024-03-11,ETH,4064.8,4065.29,4066.21
2024-03-12,ETH,3979.96,3980.4,3980.34
2024-03-13,ETH,4004.79,4007.21,4007.7
2024-03-14,ETH,3881.7,3880.78,3880.45
2024-03-15,ETH,3742.19,3738.0,3742.95
2024-03-16,ETH,3523.09,3520.27,3520.1
2024-03-17,ETH,3644.71,3642.62,3641.02
2024-03-18,ETH,3520.46,3518.43,3520.66
2024-03-19,ETH,3158.64,3162.42,3156.97
2024-03-20,ETH,3516.53,3515.43,3516.68
2024-03-21,ETH,3492.85,3492.49,3491.78
2024-03-22,ETH,3336.35,3335.09,3337.41
2024-03-23,ETH,3329.53,3332.7,3330.05
2024-03-24,ETH,3454.98,3454.03,3454.67
2024-03-25,ETH,3590.42,3591.3,3591.02
2024-03-26,ETH,3587.33,3587.04,3587.67
2024-03-27,ETH,3501.19,3498.52,3499.56
2024-03-28,ETH,3560.49,3562.69,3561.1
2024-03-29,ETH,3509.74,3511.68,3511.08
2024-03-30,ETH,3505.64,3508.28,3507.51
2024-03-31,ETH,3645.29,3647.72,3645.48
2024-04-01,ETH,3503.8,3505.48,3505.85
2024-04-02,ETH,3278.96,3278.03,3279.64
2024-04-03,ETH,3310.83,3312.28,3312.43
2024-04-04,ETH,3327.4,3329.56,3329.39
2024-04-05,ETH,3317.85,3320.55,3319.26
2024-04-06,ETH,3351.59,3354.95,3352.66
2024-04-07,ETH,3454.2,3454.03,3453.67
2024-04-08,ETH,3694.61,3694.38,3694.56
2024-04-09,ETH,3506.39,3505.69,3504.58
2024-04-10,ETH,3545.64,3543.42,3546.0
2024-04-11,ETH,3502.52,3505.25,3503.06
2024-04-12,ETH,3237.43,3240.1,3239.31
2024-04-13,ETH,3007.01,3013.12,3011.39
2024-04-14,ETH,3155.11,3155.99,3158.06
2024-04-15,ETH,3101.99,3101.38,3103.13
2024-04-16,ETH,3084.22,3084.92,3085.25
2024-04-17,ETH,2985.41,2985.4,2984.98
2024-04-18,ETH,3064.4,3064.51,3065.82
2024-04-19,ETH,3056.46,3058.52,3057.93
2024-04-20,ETH,3155.79,3157.67,3157.01
2024-04-21,ETH,3147.67,3148.05,3148.1
2024-04-22,ETH,3200.2,3202.0,3201.46
2024-04-23,ETH,3219.46,3220.02,3219.49
2024-04-24,ETH,3140.8,3138.84,3138.91
2024-04-25,ETH,3155.8,3155.68,3155.36
2024-04-26,ETH,3131.3,3129.96,3130.0
2024-04-27,ETH,3255.56,3252.62,3253.04
2024-04-28,ETH,3263.45,3262.02,3262.6
2024-04-29,ETH,3216.73,3216.18,3215.53
2024-04-30,ETH,3014.05,3010.62,3011.4
2024-05-01,ETH,2972.46,2970.02,2968.12
2024-05-02,ETH,2986.19,2987.85,2986.32
2024-05-03,ETH,3102.61,3104.77,3103.27
2024-05-04,ETH,3117.23,3117.78,3117.41
2024-05-05,ETH,3136.41,3137.54,3136.95
2024-05-06,ETH,3062.6,3063.02,3062.69
2024-05-07,ETH,3005.69,3005.14,3005.78
2024-05-08,ETH,2974.21,2972.86,2972.82
2024-05-09,ETH,3036.23,3036.25,3035.92
2024-05-10,ETH,2909.99,2909.56,2909.43
2024-05-11,ETH,2912.45,2910.11,2911.75
2024-05-12,ETH,2929.29,2929.17,2927.75
2024-05-13,ETH,2950.99,2948.99,2950.21
2024-05-14,ETH,2881.93,2881.49,2880.4
2024-05-15,ETH,3032.55,3033.23,3033.2
2024-05-16,ETH,2944.7,2944.48,2945.11
2024-05-17,ETH,3092.01,3093.54,3093.39
2024-05-18,ETH,3122.94,3121.37,3123.99
2024-05-19,ETH,3071.19,3071.79,3070.9
2024-05-20,ETH,3661.78,3661.3,3661.52
2024-05-21,ETH,3789.6,3789.23,3789.37
2024-05-22,ETH,3737.73,3736.82,3735.99
2024-05-23,ETH,3783.61,3780.86,3780.83
2024-05-24,ETH,3728.28,3726.37,3726.89
2024-05-25,ETH,3749.26,3749.32,3749.06
2024-05-26,ETH,3826.47,3824.85,3823.83
2024-05-27,ETH,3894.22,3892.1,3890.72
2024-05-28,ETH,3844.69,3839.98,3839.98
2024-05-29,ETH,3767.43,3762.39,3762.11
2024-05-30,ETH,3747.91,3746.05,3746.74
2024-05-31,ETH,3762.29,3758.2,3758.44
2024-06-01,ETH,3815.82,3813.41,3812.48
2024-06-02,ETH,3780.91,3779.48,3778.88
2024-06-03,ETH,3767.06,3765.89,3766.09
2024-06-04,ETH,3810.23,3813.01,3810.29
2024-06-05,ETH,3865.99,3866.35,3866.57
2024-06-06,ETH,3813.46,3811.83,3812.09
2024-06-07,ETH,3678.32,3676.69,3676.35
2024-06-08,ETH,3681.57,3680.04,3680.84
2024-06-09,ETH,3706.4,3705.8,3706.27
2024-06-10,ETH,3667.85,3664.38,3665.86
2024-06-11,ETH,3497.33,3497.85,3497.31
2024-06-12,ETH,3560.12,3559.28,3559.14
2024-06-13,ETH,3469.4,3468.9,3467.65
2024-06-14,ETH,3481.8,3480.1,3479.53
2024-06-15,ETH,3568.74,3564.36,3566.69
2024-06-16,ETH,3624.41,3620.19,3622.1
2024-06-17,ETH,3511.46,3511.23,3509.55
2024-06-18,ETH,3483.42,3481.86,3482.06
2024-06-19,ETH,3560.51,3557.63,3559.14
2024-06-20,ETH,3513.08,3511.96,3510.73
2024-06-21,ETH,3518.5,3517.25,3517.19
2024-06-22,ETH,3495.75,3495.55,3494.09
2024-06-23,ETH,3420.91,3418.34,3418.42
2024-06-24,ETH,3352.73,3350.33,3350.59
2024-06-25,ETH,3394.91,3394.93,3393.6
2024-06-26,ETH,3371.44,3367.66,3369.31
2024-06-27,ETH,3450.44,3445.39,3445.58
2024-06-28,ETH,3380.15,3374.22,3373.62
2024-06-29,ETH,3378.8,3372.93,3373.26
2024-06-30,ETH,3438.16,3432.23,3432.37
2024-07-01,ETH,3442.2,3438.36,3438.59
2024-07-02,ETH,3421.35,3415.81,3416.17
2024-07-03,ETH,3295.48,3292.88,3291.73
2024-07-04,ETH,3059.7,3057.47,3058.89
2024-07-05,ETH,2981.78,2981.95,2981.74
2024-07-06,ETH,3066.83,3068.53,3067.39
2024-07-07,ETH,2931.0,2929.7,2930.78
2024-07-08,ETH,3019.01,3017.22,3018.48
2024-07-09,ETH,3066.65,3066.5,3066.51
2024-07-10,ETH,3101.05,3102.21,3100.3
2024-07-11,ETH,3099.57,3098.64,3099.29
2024-07-12,ETH,3133.88,3133.65,3135.05
2024-07-13,ETH,3175.93,3177.16,3176.71
2024-07-14,ETH,3245.08,3246.69,3246.38
2024-07-15,ETH,3483.39,3486.35,3485.87
2024-07-16,ETH,3444.13,3442.5,3446.67
2024-07-17,ETH,3387.05,3387.54,3387.45
2024-07-18,ETH,3426.5,3425.49,3425.58
2024-07-19,ETH,3503.53,3505.15,3505.75
2024-07-20,ETH,3517.5,3518.62,3519.06
2024-07-21,ETH,3535.92,3534.56,3536.2
2024-07-22,ETH,3439.6,3440.38,3441.1
2024-07-23,ETH,3482.51,3480.96,3482.9
2024-07-24,ETH,3335.81,3336.11,3334.99
2024-07-25,ETH,3175.48,3173.35,3174.3
2024-07-26,ETH,3274.61,3275.76,3274.95
2024-07-27,ETH,3249.01,3249.22,3249.25
2024-07-28,ETH,3270.16,3270.02,3269.98
2024-07-29,ETH,3317.66,3319.69,3317.55
2024-07-30,ETH,3279.21,3278.39,3278.27
2024-07-31,ETH,3232.74,3230.87,3231.81
2024-08-01,ETH,3203.4,3201.93,3200.54
2024-08-02,ETH,2989.61,2985.96,2985.84
2024-08-03,ETH,2903.64,2902.03,2901.72
2024-08-04,ETH,2688.92,2687.17,2688.31
2024-08-05,ETH,2419.59,2417.54,2420.37
2024-08-06,ETH,2461.33,2461.39,2462.52
2024-08-07,ETH,2342.8,2343.07,2343.66
2024-08-08,ETH,2682.5,2685.81,2683.59
2024-08-09,ETH,2598.78,2600.02,2599.94
2024-08-10,ETH,2609.92,2609.2,2610.69
2024-08-11,ETH,2555.38,2553.06,2555.58
2024-08-12,ETH,2722.3,2723.29,2723.0
2024-08-13,ETH,2702.44,2703.0,2703.49
2024-08-14,ETH,2661.45,2664.15,2661.67
2024-08-15,ETH,2569.89,2570.08,2570.5
2024-08-16,ETH,2592.73,2593.43,2593.75
2024-08-17,ETH,2614.51,2613.74,2614.64
2024-08-18,ETH,2612.15,2612.65,2612.68
2024-08-19,ETH,2636.36,2637.92,2637.15
2024-08-20,ETH,2572.82,2573.45,2573.04
2024-08-21,ETH,2630.71,2629.76,2631.14
2024-08-22,ETH,2622.88,2623.19,2623.3
2024-08-23,ETH,2762.48,2764.61,2764.73
2024-08-24,ETH,2768.0,2769.76,2769.0
2024-08-25,ETH,2746.13,2747.0,2747.57
2024-08-26,ETH,2680.49,2681.1,2680.77
2024-08-27,ETH,2457.33,2458.44,2458.22
2024-08-28,ETH,2528.33,2528.36,2528.51
2024-08-29,ETH,2527.61,2528.61,2527.71
2024-08-30,ETH,2526.0,2526.84,2525.74
2024-08-31,ETH,2513.01,2512.79,2512.62
2024-09-01,ETH,2425.72,2427.5,2425.9
2024-09-02,ETH,2538.01,2538.48,2537.81
2024-09-03,ETH,2425.29,2422.26,2424.18
2024-09-04,ETH,2450.71,2450.08,2450.46
2024-09-05,ETH,2368.81,2368.47,2367.8
2024-09-06,ETH,2225.23,2224.45,2224.46
2024-09-07,ETH,2273.58,2273.1,2272.88
2024-09-08,ETH,2297.3,2296.92,2297.47
2024-09-09,ETH,2359.5,2359.08,2360.1
2024-09-10,ETH,2388.52,2387.78,2388.26
2024-09-11,ETH,2340.55,2339.99,2340.54
2024-09-12,ETH,2361.76,2361.34,2361.63
2024-09-13,ETH,2439.19,2440.89,2440.96
2024-09-14,ETH,2417.79,2416.99,2418.19
2024-09-15,ETH,2316.1,2316.87,2316.37
2024-09-16,ETH,2295.68,2295.03,2295.21
2024-09-17,ETH,2341.8,2341.69,2342.1
2024-09-18,ETH,2374.75,2374.75,2374.59
2024-09-19,ETH,2465.21,2464.52,2465.84
2024-09-20,ETH,2561.4,2561.44,2562.02
2024-09-21,ETH,2612.4,2615.0,2613.16
2024-09-22,ETH,2581.0,2581.99,2580.92
2024-09-23,ETH,2646.97,2646.91,2646.72
2024-09-24,ETH,2653.2,2653.13,2653.31
2024-09-25,ETH,2579.95,2580.05,2579.25
2024-09-26,ETH,2632.26,2632.14,2632.53
2024-09-27,ETH,2694.43,2695.01,2695.37
2024-09-28,ETH,2675.21,2678.61,2675.79
2024-09-29,ETH,2657.62,2657.89,2657.89
2024-09-30,ETH,2602.23,2602.97,2601.27
2024-10-01,ETH,2447.79,2448.27,2447.55
2024-10-02,ETH,2364.1,2363.93,2363.76
2024-10-03,ETH,2349.8,2349.46,2349.97
2024-10-04,ETH,2414.41,2414.51,2414.43
2024-10-05,ETH,2414.66,2414.78,2414.51
2024-10-06,ETH,2440.03,2440.03,2439.84
2024-10-07,ETH,2422.71,2422.1,2421.68
2024-10-08,ETH,2440.89,2439.22,2439.48
2024-10-09,ETH,2370.47,2366.78,2368.66
2024-10-10,ETH,2386.49,2383.76,2384.32
2024-10-11,ETH,2439.5,2436.86,2438.77
2024-10-12,ETH,2476.4,2477.11,2475.79
2024-10-13,ETH,2468.91,2466.4,2467.67
2024-10-14,ETH,2629.79,2628.13,2628.74
2024-10-15,ETH,2607.41,2605.99,2606.63
2024-10-16,ETH,2611.1,2610.42,2610.54
2024-10-17,ETH,2605.8,2603.04,2604.91
2024-10-18,ETH,2642.17,2641.79,2641.98
2024-10-19,ETH,2648.2,2648.53,2647.97
2024-10-20,ETH,2746.91,2745.32,2746.22
2024-10-21,ETH,2666.7,2665.78,2665.35
2024-10-22,ETH,2622.81,2618.99,2620.84
2024-10-23,ETH,2524.61,2523.56,2521.94
2024-10-24,ETH,2535.82,2534.07,2533.99
2024-10-25,ETH,2440.62,2436.72,2436.01
2024-10-26,ETH,2482.51,2478.86,2479.49
2024-10-27,ETH,2507.8,2505.42,2504.69
2024-10-28,ETH,2567.48,2564.97,2565.66
2024-10-29,ETH,2638.8,2636.08,2637.85
2024-10-30,ETH,2659.19,2656.19,2658.16
2024-10-31,ETH,2518.61,2515.07,2514.84
2024-11-01,ETH,2511.49,2512.19,2510.27
2024-11-02,ETH,2494.23,2491.03,2493.44
2024-11-03,ETH,2457.73,2455.53,2456.57
2024-11-04,ETH,2398.21,2395.92,2397.0
2024-11-05,ETH,2422.55,2422.26,2422.24
2024-11-06,ETH,2721.87,2723.26,2724.27
2024-11-07,ETH,2895.47,2896.87,2897.65
2024-11-08,ETH,2961.75,2962.95,2964.09
2024-11-09,ETH,3126.21,3129.5,3127.97
2024-11-10,ETH,3183.21,3186.05,3186.07
2024-11-11,ETH,3371.59,3375.78,3375.78
2024-11-12,ETH,3243.8,3248.11,3247.21
2024-11-13,ETH,3187.16,3190.95,3191.45
2024-11-14,ETH,3058.82,3059.32,3059.04
2024-11-15,ETH,3090.01,3090.47,3090.76
2024-11-16,ETH,3132.87,3133.41,3134.25
2024-11-17,ETH,3076.0,3075.21,3076.79
2024-11-18,ETH,3207.8,3210.32,3209.21
2024-11-19,ETH,3107.44,3110.92,3111.7
2024-11-20,ETH,3069.97,3072.09,3072.24
2024-11-21,ETH,3355.81,3360.9,3359.9
2024-11-22,ETH,3327.78,3331.54,3331.77
2024-11-23,ETH,3393.91,3397.28,3397.51
2024-11-24,ETH,3361.2,3364.84,3365.16
2024-11-25,ETH,3414.49,3413.65,3414.72
2024-11-26,ETH,3324.73,3323.32,3323.67
2024-11-27,ETH,3653.28,3657.55,3657.63
2024-11-28,ETH,3578.79,3578.35,3579.11
2024-11-29,ETH,3592.21,3593.87,3593.67
2024-11-30,ETH,3703.6,3706.1,3706.35
2024-12-01,ETH,3707.61,3712.6,3710.24
2024-12-02,ETH,3643.42,3644.76,3644.52
2024-12-03,ETH,3614.51,3617.8,3617.59
2024-12-04,ETH,3837.8,3844.31,3843.33
2024-12-05,ETH,3785.2,3791.3,3788.93
2024-12-06,ETH,3998.87,4005.25,4004.83
2024-12-07,ETH,3996.22,4000.49,4000.01
2024-12-08,ETH,4004.15,4006.8,4006.75
2024-12-09,ETH,3712.0,3717.0,3713.57
2024-12-10,ETH,3628.25,3630.45,3630.34
2024-12-11,ETH,3831.81,3834.0,3835.08
2024-12-12,ETH,3881.61,3882.68,3882.68
2024-12-13,ETH,3906.8,3907.75,3907.87
2024-12-14,ETH,3870.29,3869.81,3869.25
2024-12-15,ETH,3959.09,3954.5,3957.7
2024-12-16,ETH,3986.24,3987.53,3987.6
2024-12-17,ETH,3893.01,3893.52,3893.54
2024-12-18,ETH,3626.8,3624.84,3624.84
2024-12-19,ETH,3417.01,3414.63,3414.35
2024-12-20,ETH,3472.21,3472.0,3470.47
2024-12-21,ETH,3338.92,3337.39,3337.09
2024-12-22,ETH,3281.83,3276.69,3278.6
2024-12-23,ETH,3422.53,3417.84,3418.12
2024-12-24,ETH,3493.18,3490.91,3491.13
2024-12-25,ETH,3497.0,3494.01,3493.95
2024-12-26,ETH,3335.05,3331.04,3330.86
2024-12-27,ETH,3333.51,3327.59,3328.6
2024-12-28,ETH,3404.0,3398.39,3397.87
2024-12-29,ETH,3356.48,3349.5,3350.23
2024-12-30,ETH,3361.84,3355.59,3355.66
2024-12-31,ETH,3337.78,3333.3,3330.32
2025-01-01,ETH,3360.38,3354.0,3353.32
2025-01-02,ETH,3455.67,3451.94,3452.39
2025-01-03,ETH,3609.01,3607.57,3607.68
2025-01-04,ETH,3656.88,3657.58,3656.4
2025-01-05,ETH,3635.99,3635.44,3635.46
2025-01-06,ETH,3687.45,3688.57,3688.74
2025-01-07,ETH,3381.31,3380.7,3380.29
2025-01-08,ETH,3327.29,3326.34,3326.29
2025-01-09,ETH,3219.2,3219.04,3218.81
2025-01-10,ETH,3267.04,3266.05,3266.53
2025-01-11,ETH,3282.83,3282.32,3282.01
2025-01-12,ETH,3267.3,3264.98,3266.02
2025-01-13,ETH,3137.51,3136.15,3136.08
2025-01-14,ETH,3225.63,3222.73,3223.97
2025-01-15,ETH,3451.52,3451.43,3451.58
2025-01-16,ETH,3308.05,3307.25,3307.73
2025-01-17,ETH,3473.63,3473.69,3475.47
2025-01-18,ETH,3307.71,3306.14,3304.07
2025-01-19,ETH,3215.12,3210.68,3210.03
2025-01-20,ETH,3284.0,3278.11,3280.4
2025-01-21,ETH,3327.54,3327.15,3327.57
2025-01-22,ETH,3242.6,3239.35,3241.35
2025-01-23,ETH,3338.21,3337.96,3338.67
2025-01-24,ETH,3310.09,3309.92,3309.72
2025-01-25,ETH,3318.77,3316.31,3318.37
2025-01-26,ETH,3232.61,3233.47,3231.48
2025-01-27,ETH,3182.44,3179.98,3181.93
2025-01-28,ETH,3077.72,3076.6,3076.06
2025-01-29,ETH,3113.9,3113.22,3114.03
2025-01-30,ETH,3247.39,3247.77,3247.48
2025-01-31,ETH,3300.99,3300.25,3299.99
2025-02-01,ETH,3117.54,3116.46,3116.78
2025-02-02,ETH,2869.68,2869.46,2869.25
2025-02-03,ETH,2879.9,2883.26,2883.62
2025-02-04,ETH,2731.19,2735.22,2732.07
2025-02-05,ETH,2788.25,2788.76,2788.3
2025-02-06,ETH,2686.64,2687.08,2687.1
2025-02-07,ETH,2622.1,2623.39,2622.95
2025-02-08,ETH,2632.46,2632.79,2632.62
2025-02-09,ETH,2627.18,2628.76,2627.87
2025-02-10,ETH,2661.19,2661.24,2661.87
2025-02-11,ETH,2602.59,2603.04,2602.03
2025-02-12,ETH,2738.27,2737.85,2738.58
2025-02-13,ETH,2675.87,2676.18,2676.09
2025-02-14,ETH,2725.95,2725.81,2726.32
2025-02-15,ETH,2693.04,2693.0,2693.58
2025-02-16,ETH,2661.41,2663.01,2661.51
2025-02-17,ETH,2744.05,2742.99,2744.1
2025-02-18,ETH,2671.99,2669.75,2670.59
2025-02-19,ETH,2715.5,2715.01,2715.27
2025-02-20,ETH,2738.04,2739.33,2738.65
2025-02-21,ETH,2663.0,2658.99,2661.69
2025-02-22,ETH,2763.22,2763.33,2763.5
2025-02-23,ETH,2819.69,2819.49,2819.63
2025-02-24,ETH,2513.52,2514.21,2513.35
2025-02-25,ETH,2495.7,2491.74,2492.37
2025-02-26,ETH,2336.37,2332.44,2332.93
2025-02-27,ETH,2307.72,2304.85,2305.21
2025-02-28,ETH,2237.59,2236.31,2236.36
2025-03-01,ETH,2217.39,2215.6,2216.51
2025-03-02,ETH,2518.11,2519.77,2518.39
2025-03-03,ETH,2149.01,2147.28,2147.53
2025-03-04,ETH,2171.51,2170.99,2170.92
2025-03-05,ETH,2241.59,2241.22,2241.53
2025-03-06,ETH,2202.2,2202.2,2202.42
2025-03-07,ETH,2141.6,2139.49,2140.81
2025-03-08,ETH,2203.58,2203.01,2203.03
2025-03-09,ETH,2020.41,2019.51,2020.02
2025-03-10,ETH,1865.1,1863.51,1864.12
2025-03-11,ETH,1923.43,1922.11,1923.08
2025-03-12,ETH,1908.2,1907.97,1907.93
2025-03-13,ETH,1864.59,1862.99,1863.81
2025-03-14,ETH,1911.65,1910.01,1911.65
2025-03-15,ETH,1937.17,1936.8,1937.61
2025-03-16,ETH,1887.0,1887.1,1886.8
2025-03-17,ETH,1926.31,1926.26,1926.28
2025-03-18,ETH,1931.54,1931.66,1931.25
2025-03-19,ETH,2056.06,2057.01,2057.06
2025-03-20,ETH,1983.79,1981.55,1982.67
2025-03-21,ETH,1965.75,1964.29,1964.98
2025-03-22,ETH,1980.69,1980.15,1980.35
2025-03-23,ETH,2005.99,2005.13,2005.97
2025-03-24,ETH,2081.2,2081.86,2081.62
2025-03-25,ETH,2066.15,2066.35,2066.78
2025-03-26,ETH,2009.52,2009.22,2009.72
2025-03-27,ETH,2003.66,2002.08,2003.32
2025-03-28,ETH,1896.9,1895.61,1896.23
2025-03-29,ETH,1828.08,1827.62,1827.39
2025-03-30,ETH,1807.74,1806.21,1807.31
2025-03-31,ETH,1822.43,1822.8,1822.03
2025-04-01,ETH,1904.98,1905.28,1905.13
2025-04-02,ETH,1795.22,1792.97,1794.7
2025-04-03,ETH,1817.23,1815.63,1816.36
2025-04-04,ETH,1816.87,1815.21,1816.39
2025-04-05,ETH,1806.01,1805.58,1805.09
2025-04-06,ETH,1580.76,1578.98,1579.77
2025-04-07,ETH,1553.04,1551.65,1552.64
2025-04-08,ETH,1473.41,1471.99,1471.94
2025-04-09,ETH,1669.51,1668.81,1669.27
2025-04-10,ETH,1522.25,1521.26,1521.51
2025-04-11,ETH,1566.85,1566.21,1566.13
2025-04-12,ETH,1644.18,1643.34,1643.85
2025-04-13,ETH,1597.76,1596.65,1597.04
2025-04-14,ETH,1623.77,1622.99,1624.03
2025-04-15,ETH,1588.78,1588.98,1588.64
2025-04-16,ETH,1577.14,1577.06,1577.27
2025-04-17,ETH,1583.62,1582.34,1583.83
2025-04-18,ETH,1588.6,1588.4,1588.57
2025-04-19,ETH,1613.27,1613.14,1612.87
2025-04-20,ETH,1587.36,1587.49,1587.32
2025-04-21,ETH,1579.57,1580.07,1579.55
2025-04-22,ETH,1756.26,1757.59,1757.0
2025-04-23,ETH,1795.07,1796.05,1795.92
2025-04-24,ETH,1769.65,1770.0,1770.41
2025-04-25,ETH,1784.6,1786.61,1785.95
2025-04-26,ETH,1820.88,1820.85,1821.6
2025-04-27,ETH,1791.29,1791.82,1791.88
2025-04-28,ETH,1799.88,1799.56,1800.26
2025-04-29,ETH,1797.81,1798.99,1798.21
2025-04-30,ETH,1793.61,1793.92,1793.79
2025-05-01,ETH,1838.11,1838.84,1838.82
2025-05-02,ETH,1842.2,1843.01,1842.98
2025-05-03,ETH,1833.52,1833.85,1834.03
2025-05-04,ETH,1808.86,1809.09,1809.0
2025-05-05,ETH,1820.19,1819.9,1820.15
2025-05-06,ETH,1817.0,1816.54,1817.06
2025-05-07,ETH,1811.11,1811.43,1811.35
2025-05-08,ETH,2207.39,2208.36,2207.09
2025-05-09,ETH,2345.04,2345.79,2345.29
2025-05-10,ETH,2583.23,2585.0,2583.8
2025-05-11,ETH,2514.57,2515.58,2514.79
2025-05-12,ETH,2495.47,2495.4,2495.83
2025-05-13,ETH,2679.71,2680.2,2679.88
2025-05-14,ETH,2609.74,2610.35,2610.31
2025-05-15,ETH,2548.69,2547.87,2548.84
2025-05-16,ETH,2537.12,2537.43,2538.02
2025-05-17,ETH,2475.08,2475.74,2476.11
2025-05-18,ETH,2497.78,2497.69,2498.24
2025-05-19,ETH,2528.14,2528.52,2528.71
2025-05-20,ETH,2524.19,2524.81,2525.05
2025-05-21,ETH,2550.99,2552.1,2551.73
2025-05-22,ETH,2664.82,2664.5,2665.39
2025-05-23,ETH,2526.5,2526.82,2527.02
2025-05-24,ETH,2530.4,2531.68,2530.99
2025-05-25,ETH,2551.22,2551.43,2552.32
2025-05-26,ETH,2563.7,2563.64,2564.32
2025-05-27,ETH,2660.81,2663.04,2662.04
2025-05-28,ETH,2681.6,2682.41,2682.16
2025-05-29,ETH,2631.39,2631.26,2631.68
2025-05-30,ETH,2531.34,2531.46,2531.94
2025-05-31,ETH,2528.06,2529.11,2529.31
2025-06-01,ETH,2539.21,2538.28,2540.38
2025-06-02,ETH,2607.41,2608.13,2609.29
2025-06-03,ETH,2593.36,2594.64,2595.03
2025-06-04,ETH,2607.68,2608.18,2609.07
2025-06-05,ETH,2414.01,2416.63,2415.34
2025-06-06,ETH,2476.1,2478.03,2478.24
2025-06-07,ETH,2524.63,2525.68,2526.14
2025-06-08,ETH,2509.83,2511.12,2510.78
2025-06-09,ETH,2680.13,2681.57,2681.29
2025-06-10,ETH,2816.4,2816.32,2816.5
2025-06-11,ETH,2771.61,2771.98,2772.39
2025-06-12,ETH,2642.65,2643.89,2643.8
2025-06-13,ETH,2579.19,2579.64,2580.21
2025-06-14,ETH,2530.76,2533.18,2531.97
2025-06-15,ETH,2547.61,2546.96,2548.03
2025-06-16,ETH,2544.17,2541.11,2545.27
2025-06-17,ETH,2509.95,2510.11,2510.7
2025-06-18,ETH,2525.0,2525.79,2525.54
2025-06-19,ETH,2521.12,2521.43,2521.52
2025-06-20,ETH,2406.49,2406.04,2407.2
2025-06-21,ETH,2295.73,2296.29,2297.28
2025-06-22,ETH,2227.7,2227.41,2228.46
2025-06-23,ETH,2411.66,2413.73,2413.0
2025-06-24,ETH,2448.45,2448.24,2449.87
2025-06-25,ETH,2418.49,2419.12,2420.09
2025-06-26,ETH,2415.96,2416.21,2417.4
2025-06-27,ETH,2423.17,2424.18,2424.2
2025-06-28,ETH,2435.62,2437.56,2437.08
2025-06-29,ETH,2500.09,2501.2,2500.69
2025-06-30,ETH,2485.47,2486.1,2486.15
2025-07-01,ETH,2405.01,2405.76,2405.32
2025-07-02,ETH,2570.41,2570.49,2571.13
2025-07-03,ETH,2591.25,2591.13,2592.13
2025-07-04,ETH,2508.04,2508.0,2508.8
2025-07-05,ETH,2516.41,2516.99,2517.01
2025-07-06,ETH,2570.35,2572.17,2570.84
2025-07-07,ETH,2542.29,2542.52,2542.38
2025-07-08,ETH,2615.25,2615.74,2616.52
2025-07-09,ETH,2768.74,2770.33,2769.83
2025-07-10,ETH,2951.29,2951.71,2951.22
2025-07-11,ETH,2958.22,2958.01,2959.12
2025-07-12,ETH,2943.28,2942.64,2944.37
2025-07-13,ETH,2972.03,2973.24,2973.38
2025-07-14,ETH,3013.62,3014.59,3014.53
2025-07-15,ETH,3137.89,3140.01,3138.01
2025-07-16,ETH,3371.35,3372.67,3373.12
2025-07-17,ETH,3476.87,3479.33,3479.77
2025-07-18,ETH,3546.92,3549.05,3549.67
2025-07-19,ETH,3592.01,3596.18,3594.3
2025-07-20,ETH,3756.69,3760.07,3758.6
2025-07-21,ETH,3762.33,3764.17,3763.75
2025-07-22,ETH,3746.21,3749.04,3748.62
2025-07-23,ETH,3628.29,3629.0,3630.34
2025-07-24,ETH,3706.94,3706.09,3708.6
2025-07-25,ETH,3724.96,3725.52,3725.84
2025-07-26,ETH,3741.1,3742.2,3743.06
2025-07-27,ETH,3872.1,3875.0,3873.92
2025-07-28,ETH,3799.0,3797.08,3799.46
2025-07-29,ETH,3793.79,3792.87,3793.4
2025-07-30,ETH,3810.0,3806.85,3810.44
2025-07-31,ETH,3698.39,3698.08,3698.07
2025-08-01,ETH,3488.2,3485.96,3486.39
2025-08-02,ETH,3393.94,3392.97,3392.8
2025-08-03,ETH,3496.74,3496.8,3497.31
2025-08-04,ETH,3720.99,3719.99,3720.87
2025-08-05,ETH,3612.0,3611.38,3611.57
2025-08-06,ETH,3683.31,3683.56,3683.8
2025-08-07,ETH,3910.31,3912.74,3911.28
2025-08-08,ETH,4009.5,4008.37,4011.0
2025-08-09,ETH,4260.62,4262.91,4262.46
2025-08-10,ETH,4250.57,4251.61,4251.91
2025-08-11,ETH,4223.22,4225.0,4224.48
2025-08-12,ETH,4590.52,4590.0,4589.88
2025-08-13,ETH,4749.3,4750.83,4751.46
2025-08-14,ETH,4546.84,4549.29,4550.59
2025-08-15,ETH,4439.47,4443.2,4442.56
2025-08-16,ETH,4421.99,4424.21,4425.13
2025-08-17,ETH,4472.33,4472.99,4475.47
2025-08-18,ETH,4312.99,4312.56,4315.37
2025-08-19,ETH,4075.59,4074.66,4075.89
2025-08-20,ETH,4336.16,4334.99,4336.41
2025-08-21,ETH,4225.3,4223.73,4224.43
2025-08-22,ETH,4832.07,4830.0,4831.24
2025-08-23,ETH,4778.4,4776.69,4776.73
2025-08-24,ETH,4780.15,4779.18,4779.87
2025-08-25,ETH,4376.18,4377.69,4377.02
2025-08-26,ETH,4600.63,4600.83,4601.64
2025-08-27,ETH,4506.71,4506.04,4506.95
2025-08-28,ETH,4511.21,4512.18,4511.3
2025-08-29,ETH,4360.18,4359.78,4360.2
2025-08-30,ETH,4373.7,4374.39,4374.58
2025-08-31,ETH,4391.83,4391.93,4391.91
2025-09-01,ETH,4314.5,4314.38,4314.76
2025-09-02,ETH,4326.5,4325.58,4326.57
2025-09-03,ETH,4450.46,4450.0,4452.4
2025-09-04,ETH,4297.55,4299.15,4298.37
2025-09-05,ETH,4307.45,4307.02,4307.65
2025-09-06,ETH,4273.14,4274.96,4274.15
2025-09-07,ETH,4306.19,4305.19,4305.56
2025-09-08,ETH,4306.37,4307.5,4305.84
2025-09-09,ETH,4310.09,4308.23,4309.93
2025-09-10,ETH,4349.32,4349.81,4350.0
2025-09-11,ETH,4458.82,4462.85,4460.51
2025-09-12,ETH,4712.16,4716.93,4714.66
2025-09-13,ETH,4666.53,4666.17,4669.0
2025-09-14,ETH,4604.49,4608.76,4605.93
2025-09-15,ETH,4523.74,4527.02,4524.56
2025-09-16,ETH,4501.29,4504.6,4502.7
2025-09-17,ETH,4590.53,4592.34,4592.17
2025-09-18,ETH,4587.66,4589.52,4589.4
2025-09-19,ETH,4468.59,4471.11,4471.0
2025-09-20,ETH,4480.42,4481.59,4482.69
2025-09-21,ETH,4444.97,4447.0,4447.03
2025-09-22,ETH,4199.08,4203.07,4202.42
2025-09-23,ETH,4164.26,4165.01,4165.19
2025-09-24,ETH,4152.81,4154.62,4153.9
2025-09-25,ETH,3874.36,3872.63,3875.7
2025-09-26,ETH,4032.24,4035.39,4034.27
2025-09-27,ETH,4018.38,4019.11,4020.35
2025-09-28,ETH,4142.16,4145.33,4143.25
2025-09-29,ETH,4215.07,4218.01,4217.25
2025-09-30,ETH,4145.15,4146.97,4145.99
2025-10-01,ETH,4348.03,4350.03,4350.52
2025-10-02,ETH,4484.35,4487.47,4487.49
2025-10-03,ETH,4512.87,4514.89,4515.89
2025-10-04,ETH,4487.15,4489.0,4490.01
2025-10-05,ETH,4514.32,4516.68,4515.4
2025-10-06,ETH,4684.01,4688.96,4686.32
2025-10-07,ETH,4447.7,4450.01,4449.8
2025-10-08,ETH,4525.72,4526.57,4527.3
2025-10-09,ETH,4368.09,4370.28,4370.9
2025-10-10,ETH,3829.72,3837.22,3836.15
2025-10-11,ETH,3746.79,3749.47,3750.6
2025-10-12,ETH,4152.29,4156.74,4156.21
2025-10-13,ETH,4240.85,4244.36,4244.69
2025-10-14,ETH,4125.02,4125.99,4126.39
2025-10-15,ETH,3985.61,3987.78,3987.53
2025-10-16,ETH,3894.51,3895.24,3894.91
2025-10-17,ETH,3831.57,3833.11,3832.99
2025-10-18,ETH,3889.21,3889.37,3890.4
2025-10-19,ETH,3982.58,3984.67,3983.89
2025-10-20,ETH,3979.22,3981.32,3980.42
2025-10-21,ETH,3873.05,3874.68,3874.57
2025-10-22,ETH,3805.53,3805.71,3806.12
2025-10-23,ETH,3856.8,3858.33,3858.41
2025-10-24,ETH,3934.88,3935.68,3936.1
2025-10-25,ETH,3953.82,3954.29,3954.52
2025-10-26,ETH,4158.46,4158.73,4158.81
2025-10-27,ETH,4120.15,4118.66,4120.1
2025-10-28,ETH,3979.2,3980.25,3980.25
2025-10-29,ETH,3902.99,3902.54,3904.2
2025-10-30,ETH,3805.09,3802.67,3804.02
2025-10-31,ETH,3847.99,3846.73,3845.79
2025-11-01,ETH,3873.77,3872.37,3872.16
2025-11-02,ETH,3906.58,3907.44,3905.97
2025-11-03,ETH,3603.83,3601.99,3602.88
2025-11-04,ETH,3287.05,3288.88,3286.21
2025-11-05,ETH,3424.29,3424.01,3423.89
2025-11-06,ETH,3315.14,3313.54,3313.46
2025-11-07,ETH,3436.05,3433.9,3433.71
2025-11-08,ETH,3401.51,3400.21,3400.46
2025-11-09,ETH,3583.46,3584.2,3582.92
2025-11-10,ETH,3567.85,3565.64,3566.49
2025-11-11,ETH,3417.76,3414.42,3416.54
2025-11-12,ETH,3414.92,3413.51,3414.06
2025-11-13,ETH,3231.54,3230.34,3229.65
2025-11-14,ETH,3112.4,3109.23,3109.49
2025-11-15,ETH,3167.88,3167.37,3166.3
2025-11-16,ETH,3095.29,3093.51,3092.25
2025-11-17,ETH,3031.44,3025.5,3027.89
2025-11-18,ETH,3123.66,3122.0,3121.74
2025-11-19,ETH,3025.48,3022.4,3023.1
2025-11-20,ETH,2834.22,2830.0,2830.59
2025-11-21,ETH,2765.85,2765.39,2763.99
2025-11-22,ETH,2770.12,2767.09,2768.5
2025-11-23,ETH,2802.16,2801.0,2801.14
2025-11-24,ETH,2953.38,2951.88,2952.59
2025-11-25,ETH,2959.36,2959.04,2958.17
2025-11-26,ETH,3026.56,3026.95,3026.43
2025-11-27,ETH,3015.23,3014.85,3014.86
2025-11-28,ETH,3031.15,3032.32,3031.86
2025-11-29,ETH,2989.16,2990.01,2990.31
2025-11-30,ETH,2991.26,2991.95,2991.9
2025-12-01,ETH,2799.07,2799.79,2798.3
2025-12-02,ETH,2996.07,2997.97,2996.7
2025-12-03,ETH,3188.36,3189.39,3189.79
2025-12-04,ETH,3133.26,3133.94,3134.13
2025-12-05,ETH,3021.78,3023.8,3022.61
2025-12-06,ETH,3038.06,3040.62,3039.13
2025-12-07,ETH,3059.85,3060.35,3061.0
2025-12-08,ETH,3124.16,3124.35,3124.93
2025-12-09,ETH,3318.04,3318.37,3318.54
2025-12-10,ETH,3324.14,3324.64,3325.02
2025-12-11,ETH,3237.39,3236.85,3237.4
2025-12-12,ETH,3084.86,3085.09,3084.91
2025-12-13,ETH,3114.64,3115.15,3115.0
2025-12-14,ETH,3063.5,3062.77,3063.3
2025-12-15,ETH,2964.85,2964.51,2964.4
2025-12-16,ETH,2962.3,2961.9,2961.96
2025-12-17,ETH,2833.49,2833.01,2832.25
2025-12-18,ETH,2828.57,2826.65,2826.57
2025-12-19,ETH,2979.5,2977.94,2978.03
2025-12-20,ETH,2977.93,2977.08,2976.6
2025-12-21,ETH,3002.02,3001.35,3001.42
2025-12-22,ETH,3009.49,3007.03,3007.69
2025-12-23,ETH,2965.02,2963.44,2962.85
2025-12-24,ETH,2947.47,2945.49,2945.07
2025-12-25,ETH,2903.95,2902.89,2902.34
2025-12-26,ETH,2927.99,2925.71,2925.43
2025-12-27,ETH,2949.05,2947.1,2946.6
2025-12-28,ETH,2950.91,2948.59,2948.92
2025-12-29,ETH,2937.9,2934.84,2934.19
2025-12-30,ETH,2973.69,2970.49,2970.42
2025-12-31,ETH,2971.64,2967.13,2966.84
2026-01-01,ETH,3004.19,2999.8,3000.41
2026-01-02,ETH,3125.45,3124.04,3125.24
2026-01-03,ETH,3127.11,3125.5,3125.43
2026-01-04,ETH,3144.7,3143.42,3143.14
2026-01-05,ETH,3224.99,3224.67,3225.19
2026-01-06,ETH,3296.84,3295.29,3295.59
2026-01-07,ETH,3168.72,3166.37,3165.64
2026-01-08,ETH,3106.65,3103.77,3104.3
2026-01-09,ETH,3088.4,3084.39,3084.31
2026-01-10,ETH,3086.72,3081.4,3082.39
2026-01-11,ETH,3123.45,3118.03,3118.65
2026-01-12,ETH,3095.75,3091.93,3091.94
2026-01-13,ETH,3325.82,3323.63,3323.38
2026-01-14,ETH,3354.92,3354.58,3354.82
2026-01-15,ETH,3318.69,3317.62,3317.98
2026-01-16,ETH,3296.28,3295.01,3294.88
2026-01-17,ETH,3310.56,3308.93,3309.33
2026-01-18,ETH,3284.03,3282.62,3282.55
2026-01-19,ETH,3189.55,3187.31,3187.51
2026-01-20,ETH,2939.88,2936.29,2936.5
2026-01-21,ETH,2982.27,2979.9,2979.6
2026-01-22,ETH,2952.69,2948.85,2949.36
2026-01-23,ETH,2956.41,2953.01,2952.77
2026-01-24,ETH,2953.22,2948.77,2948.86
2026-01-25,ETH,2816.89,2814.76,2814.28
2026-01-26,ETH,2930.35,2926.63,2926.85
2026-01-27,ETH,3026.77,3022.12,3021.91
2026-01-28,ETH,3010.78,3006.19,3006.17
2026-01-29,ETH,2822.59,2817.93,2817.79
2026-01-30,ETH,2707.38,2702.42,2702.69
2026-01-31,ETH,2451.95,2448.6,2449.36
2026-02-01,ETH,2270.15,2267.31,2268.18
2026-02-02,ETH,2347.02,2344.99,2345.11
2026-02-03,ETH,2233.72,2230.61,2230.48
2026-02-04,ETH,2148.26,2142.84,2143.57
2026-02-05,ETH,1826.83,1823.85,1823.2
2026-02-06,ETH,2063.38,2062.18,2061.95
2026-02-07,ETH,2087.08,2086.26,2086.17
2026-02-08,ETH,2089.74,2088.62,2088.42
2026-02-09,ETH,2105.02,2103.7,2103.83
2026-02-10,ETH,2022.67,2021.58,2021.71
2026-02-11,ETH,1941.18,1940.52,1939.45
2026-02-12,ETH,1947.85,1946.08,1946.11
2026-02-13,ETH,2048.72,2047.86,2047.48
2026-02-14,ETH,2086.59,2085.56,2085.4
2026-02-15,ETH,1966.58,1965.46,1965.36
2026-02-16,ETH,1998.33,1997.94,1997.28
2026-02-17,ETH,1970.74,1963.79,1990.83
