asset,date_utc,timestamp_utc,close_px,volume_base,source
USDT,2024-02-28,2024-02-28 00:00:00+00:00,1.0011,236501183.3905684,kraken
USDT,2024-02-29,2024-02-29 00:00:00+00:00,1.00061,254534935.6633312,kraken
USDT,2024-03-01,2024-03-01 00:00:00+00:00,1.00079,254492330.22398067,kraken
USDT,2024-03-02,2024-03-02 00:00:00+00:00,1.00081,111086625.49244632,kraken
USDT,2024-03-03,2024-03-03 00:00:00+00:00,1.0005,69264545.72768743,kraken
USDT,2024-03-04,2024-03-04 00:00:00+00:00,1.00139,306915887.634894,kraken
USDT,2024-03-05,2024-03-05 00:00:00+00:00,1.00134,301605466.00572073,kraken
USDT,2024-03-06,2024-03-06 00:00:00+00:00,1.00079,340441302.9765796,kraken
USDT,2024-03-07,2024-03-07 00:00:00+00:00,1.00167,281426379.2193338,kraken
USDT,2024-03-08,2024-03-08 00:00:00+00:00,1.00224,313854551.1504948,kraken
USDT,2024-03-09,2024-03-09 00:00:00+00:00,1.00216,88655471.18626332,kraken
USDT,2024-03-10,2024-03-10 00:00:00+00:00,1.00102,55474294.96849276,kraken
USDT,2024-03-11,2024-03-11 00:00:00+00:00,1.00029,313356186.44859296,kraken
USDT,2024-03-12,2024-03-12 00:00:00+00:00,1.00015,270134288.5864484,kraken
USDT,2024-03-13,2024-03-13 00:00:00+00:00,1.00055,298049762.449828,kraken
USDT,2024-03-14,2024-03-14 00:00:00+00:00,0.99989,212337019.01811928,kraken
USDT,2024-03-15,2024-03-15 00:00:00+00:00,1.00018,213855803.2761188,kraken
USDT,2024-03-16,2024-03-16 00:00:00+00:00,0.99923,88174495.59905088,kraken
USDT,2024-03-17,2024-03-17 00:00:00+00:00,0.99939,96798295.21848714,kraken
USDT,2024-03-18,2024-03-18 00:00:00+00:00,0.99994,184333325.83511448,kraken
USDT,2024-03-19,2024-03-19 00:00:00+00:00,0.99954,213357987.13440305,kraken
USDT,2024-03-20,2024-03-20 00:00:00+00:00,1.00014,265952008.8168976,kraken
USDT,2024-03-21,2024-03-21 00:00:00+00:00,0.99991,212426170.80510265,kraken
USDT,2024-03-22,2024-03-22 00:00:00+00:00,1.00028,130299876.20288624,kraken
USDT,2024-03-23,2024-03-23 00:00:00+00:00,1.00043,40065137.36267383,kraken
USDT,2024-03-24,2024-03-24 00:00:00+00:00,1.00009,41588744.24509902,kraken
USDT,2024-03-25,2024-03-25 00:00:00+00:00,1.00026,220731103.80431625,kraken
USDT,2024-03-26,2024-03-26 00:00:00+00:00,1.0,153636803.73273548,kraken
USDT,2024-03-27,2024-03-27 00:00:00+00:00,0.99954,205743827.12829337,kraken
USDT,2024-03-28,2024-03-28 00:00:00+00:00,1.00009,137377294.2180951,kraken
USDT,2024-03-29,2024-03-29 00:00:00+00:00,1.00067,110192794.94340172,kraken
USDT,2024-03-30,2024-03-30 00:00:00+00:00,1.00042,51441156.52009451,kraken
USDT,2024-03-31,2024-03-31 00:00:00+00:00,1.00021,37141407.38061946,kraken
USDT,2024-04-01,2024-04-01 00:00:00+00:00,1.00047,90939287.88504478,kraken
USDT,2024-04-02,2024-04-02 00:00:00+00:00,1.00028,224772172.969452,kraken
USDT,2024-04-03,2024-04-03 00:00:00+00:00,1.00037,273013878.46726,kraken
USDT,2024-04-04,2024-04-04 00:00:00+00:00,1.00051,292304848.0371229,kraken
USDT,2024-04-05,2024-04-05 00:00:00+00:00,1.0004,230589503.4686572,kraken
USDT,2024-04-06,2024-04-06 00:00:00+00:00,1.00033,83958239.33852516,kraken
USDT,2024-04-07,2024-04-07 00:00:00+00:00,1.00003,43100152.90373578,kraken
USDT,2024-04-08,2024-04-08 00:00:00+00:00,1.00007,143008436.75964302,kraken
USDT,2024-04-09,2024-04-09 00:00:00+00:00,0.99969,145174656.51274678,kraken
USDT,2024-04-10,2024-04-10 00:00:00+00:00,0.99997,162150830.58648866,kraken
USDT,2024-04-11,2024-04-11 00:00:00+00:00,1.00012,128370333.20296931,kraken
USDT,2024-04-12,2024-04-12 00:00:00+00:00,1.00044,260235110.865581,kraken
USDT,2024-04-13,2024-04-13 00:00:00+00:00,1.00132,165257316.49508736,kraken
USDT,2024-04-14,2024-04-14 00:00:00+00:00,1.00088,67042491.30551312,kraken
USDT,2024-04-15,2024-04-15 00:00:00+00:00,1.00025,256139188.55721927,kraken
USDT,2024-04-16,2024-04-16 00:00:00+00:00,1.00042,207417327.67489812,kraken
USDT,2024-04-17,2024-04-17 00:00:00+00:00,0.99996,190908638.94587845,kraken
USDT,2024-04-18,2024-04-18 00:00:00+00:00,1.00056,235984340.6934935,kraken
USDT,2024-04-19,2024-04-19 00:00:00+00:00,1.0005,166757745.52130672,kraken
USDT,2024-04-20,2024-04-20 00:00:00+00:00,1.00043,76166718.61338575,kraken
USDT,2024-04-21,2024-04-21 00:00:00+00:00,1.00019,34206752.11163846,kraken
USDT,2024-04-22,2024-04-22 00:00:00+00:00,1.0004,166590624.12309065,kraken
USDT,2024-04-23,2024-04-23 00:00:00+00:00,1.0001,170614915.02865237,kraken
USDT,2024-04-24,2024-04-24 00:00:00+00:00,0.99962,194713217.39292377,kraken
USDT,2024-04-25,2024-04-25 00:00:00+00:00,0.99985,138415896.11198357,kraken
USDT,2024-04-26,2024-04-26 00:00:00+00:00,0.99983,129677471.9379586,kraken
USDT,2024-04-27,2024-04-27 00:00:00+00:00,0.99926,29036313.85999264,kraken
USDT,2024-04-28,2024-04-28 00:00:00+00:00,0.99964,20984241.23312541,kraken
USDT,2024-04-29,2024-04-29 00:00:00+00:00,0.99972,87639090.54968311,kraken
USDT,2024-04-30,2024-04-30 00:00:00+00:00,0.99903,107113452.50810903,kraken
USDT,2024-05-01,2024-05-01 00:00:00+00:00,0.99868,91517797.06905088,kraken
USDT,2024-05-02,2024-05-02 00:00:00+00:00,1.00011,107574962.51012048,kraken
USDT,2024-05-03,2024-05-03 00:00:00+00:00,1.00063,95415193.6384475,kraken
USDT,2024-05-04,2024-05-04 00:00:00+00:00,1.00015,42582186.12171085,kraken
USDT,2024-05-05,2024-05-05 00:00:00+00:00,1.00019,22864915.29528638,kraken
USDT,2024-05-06,2024-05-06 00:00:00+00:00,1.00008,96931441.6329436,kraken
USDT,2024-05-07,2024-05-07 00:00:00+00:00,0.99999,90524394.64173111,kraken
USDT,2024-05-08,2024-05-08 00:00:00+00:00,0.99953,97874378.73039864,kraken
USDT,2024-05-09,2024-05-09 00:00:00+00:00,0.99988,89798651.55581833,kraken
USDT,2024-05-10,2024-05-10 00:00:00+00:00,0.99982,77198847.84120491,kraken
USDT,2024-05-11,2024-05-11 00:00:00+00:00,0.99974,17885730.19526211,kraken
USDT,2024-05-12,2024-05-12 00:00:00+00:00,0.99954,16077883.55103554,kraken
USDT,2024-05-13,2024-05-13 00:00:00+00:00,0.9998,98297658.83807264,kraken
USDT,2024-05-14,2024-05-14 00:00:00+00:00,0.99953,100498949.82523568,kraken
USDT,2024-05-15,2024-05-15 00:00:00+00:00,1.00039,136992511.29730776,kraken
USDT,2024-05-16,2024-05-16 00:00:00+00:00,1.00009,97571918.65855548,kraken
USDT,2024-05-17,2024-05-17 00:00:00+00:00,1.0004,94872751.70254476,kraken
USDT,2024-05-18,2024-05-18 00:00:00+00:00,1.00022,31109281.01514719,kraken
USDT,2024-05-19,2024-05-19 00:00:00+00:00,0.9999,29594225.31731414,kraken
USDT,2024-05-20,2024-05-20 00:00:00+00:00,1.00013,89357598.87252474,kraken
USDT,2024-05-21,2024-05-21 00:00:00+00:00,0.9999,176473933.81581703,kraken
USDT,2024-05-22,2024-05-22 00:00:00+00:00,0.99954,91810667.86753142,kraken
USDT,2024-05-23,2024-05-23 00:00:00+00:00,0.99951,140602831.7708457,kraken
USDT,2024-05-24,2024-05-24 00:00:00+00:00,0.9998,80135982.4250342,kraken
USDT,2024-05-25,2024-05-25 00:00:00+00:00,0.99991,20615154.66703401,kraken
USDT,2024-05-26,2024-05-26 00:00:00+00:00,0.99948,26014836.38260239,kraken
USDT,2024-05-27,2024-05-27 00:00:00+00:00,0.99921,86168527.0908616,kraken
USDT,2024-05-28,2024-05-28 00:00:00+00:00,0.9989,85115461.275102,kraken
USDT,2024-05-29,2024-05-29 00:00:00+00:00,0.9987,90920230.04239216,kraken
USDT,2024-05-30,2024-05-30 00:00:00+00:00,0.9997,81683948.76429331,kraken
USDT,2024-05-31,2024-05-31 00:00:00+00:00,0.99897,95766056.05654752,kraken
USDT,2024-06-01,2024-06-01 00:00:00+00:00,0.99931,23506509.74293552,kraken
USDT,2024-06-02,2024-06-02 00:00:00+00:00,0.99951,19906488.19535447,kraken
USDT,2024-06-03,2024-06-03 00:00:00+00:00,0.99981,91753154.72616868,kraken
USDT,2024-06-04,2024-06-04 00:00:00+00:00,1.00008,103502316.48339264,kraken
USDT,2024-06-05,2024-06-05 00:00:00+00:00,1.00004,91696309.6098492,kraken
USDT,2024-06-06,2024-06-06 00:00:00+00:00,0.99959,109354634.1594768,kraken
USDT,2024-06-07,2024-06-07 00:00:00+00:00,0.99958,102893192.95335887,kraken
USDT,2024-06-08,2024-06-08 00:00:00+00:00,0.99984,24820632.90455407,kraken
USDT,2024-06-09,2024-06-09 00:00:00+00:00,0.99986,35125482.95869737,kraken
USDT,2024-06-10,2024-06-10 00:00:00+00:00,0.9995,109785794.70371316,kraken
USDT,2024-06-11,2024-06-11 00:00:00+00:00,0.9999,136268952.28395244,kraken
USDT,2024-06-12,2024-06-12 00:00:00+00:00,0.99971,111088316.22987927,kraken
USDT,2024-06-13,2024-06-13 00:00:00+00:00,0.99956,92224927.12616374,kraken
USDT,2024-06-14,2024-06-14 00:00:00+00:00,0.99948,107773443.62541436,kraken
USDT,2024-06-15,2024-06-15 00:00:00+00:00,0.9994,16167483.60458717,kraken
USDT,2024-06-16,2024-06-16 00:00:00+00:00,0.99932,17138900.16212418,kraken
USDT,2024-06-17,2024-06-17 00:00:00+00:00,0.99967,104373687.47897692,kraken
USDT,2024-06-18,2024-06-18 00:00:00+00:00,0.99954,125384066.62414172,kraken
USDT,2024-06-19,2024-06-19 00:00:00+00:00,0.99963,85273541.74991156,kraken
USDT,2024-06-20,2024-06-20 00:00:00+00:00,0.99939,136119723.15936998,kraken
USDT,2024-06-21,2024-06-21 00:00:00+00:00,0.99947,100270477.08137588,kraken
USDT,2024-06-22,2024-06-22 00:00:00+00:00,0.99959,40785022.17719523,kraken
USDT,2024-06-23,2024-06-23 00:00:00+00:00,0.99928,18368522.04169114,kraken
USDT,2024-06-24,2024-06-24 00:00:00+00:00,0.99935,127779345.09978768,kraken
USDT,2024-06-25,2024-06-25 00:00:00+00:00,0.99979,115207311.45599288,kraken
USDT,2024-06-26,2024-06-26 00:00:00+00:00,0.99941,121193225.191037,kraken
USDT,2024-06-27,2024-06-27 00:00:00+00:00,0.99861,119722990.41494612,kraken
USDT,2024-06-28,2024-06-28 00:00:00+00:00,0.99821,138547752.71841908,kraken
USDT,2024-06-29,2024-06-29 00:00:00+00:00,0.99842,28376686.68779957,kraken
USDT,2024-06-30,2024-06-30 00:00:00+00:00,0.99838,34443082.96783881,kraken
USDT,2024-07-01,2024-07-01 00:00:00+00:00,0.99901,127346270.88987435,kraken
USDT,2024-07-02,2024-07-02 00:00:00+00:00,0.9985,86117554.83349848,kraken
USDT,2024-07-03,2024-07-03 00:00:00+00:00,0.99899,84923047.18006067,kraken
USDT,2024-07-04,2024-07-04 00:00:00+00:00,0.9997,80775911.218903,kraken
USDT,2024-07-05,2024-07-05 00:00:00+00:00,1.00001,160532467.77468196,kraken
USDT,2024-07-06,2024-07-06 00:00:00+00:00,1.00014,30447071.41789891,kraken
USDT,2024-07-07,2024-07-07 00:00:00+00:00,0.99983,38874825.96817241,kraken
USDT,2024-07-08,2024-07-08 00:00:00+00:00,0.99992,110549815.0359661,kraken
USDT,2024-07-09,2024-07-09 00:00:00+00:00,1.00004,85525444.23879698,kraken
USDT,2024-07-10,2024-07-10 00:00:00+00:00,0.99989,86072924.0298042,kraken
USDT,2024-07-11,2024-07-11 00:00:00+00:00,1.00008,111852067.91963369,kraken
USDT,2024-07-12,2024-07-12 00:00:00+00:00,1.00024,104690172.85570872,kraken
USDT,2024-07-13,2024-07-13 00:00:00+00:00,1.00028,28860055.39439697,kraken
USDT,2024-07-14,2024-07-14 00:00:00+00:00,1.0003,31736614.89445523,kraken
USDT,2024-07-15,2024-07-15 00:00:00+00:00,1.0005,140407544.10951152,kraken
USDT,2024-07-16,2024-07-16 00:00:00+00:00,1.00053,155364585.85614645,kraken
USDT,2024-07-17,2024-07-17 00:00:00+00:00,1.00002,177312529.0233797,kraken
USDT,2024-07-18,2024-07-18 00:00:00+00:00,0.99983,113469798.27715687,kraken
USDT,2024-07-19,2024-07-19 00:00:00+00:00,1.00045,118721855.5334798,kraken
USDT,2024-07-20,2024-07-20 00:00:00+00:00,1.00036,54353143.21742821,kraken
USDT,2024-07-21,2024-07-21 00:00:00+00:00,1.00007,29296050.72513398,kraken
USDT,2024-07-22,2024-07-22 00:00:00+00:00,1.0003,105523938.13683876,kraken
USDT,2024-07-23,2024-07-23 00:00:00+00:00,1.00012,161477313.92350474,kraken
USDT,2024-07-24,2024-07-24 00:00:00+00:00,0.99981,107701274.79654236,kraken
USDT,2024-07-25,2024-07-25 00:00:00+00:00,0.99983,110644011.21468736,kraken
USDT,2024-07-26,2024-07-26 00:00:00+00:00,1.00011,84949388.84243204,kraken
USDT,2024-07-27,2024-07-27 00:00:00+00:00,1.00005,30257512.77551122,kraken
USDT,2024-07-28,2024-07-28 00:00:00+00:00,0.99999,21238101.49157628,kraken
USDT,2024-07-29,2024-07-29 00:00:00+00:00,0.99982,110432933.48336329,kraken
USDT,2024-07-30,2024-07-30 00:00:00+00:00,0.9998,75929077.38175693,kraken
USDT,2024-07-31,2024-07-31 00:00:00+00:00,0.99967,93715203.76458482,kraken
USDT,2024-08-01,2024-08-01 00:00:00+00:00,0.9991,123549072.07929778,kraken
USDT,2024-08-02,2024-08-02 00:00:00+00:00,0.9988,125909794.61475484,kraken
USDT,2024-08-03,2024-08-03 00:00:00+00:00,0.99949,53260598.24418323,kraken
USDT,2024-08-04,2024-08-04 00:00:00+00:00,0.99964,54380314.32912672,kraken
USDT,2024-08-05,2024-08-05 00:00:00+00:00,1.00029,325457564.35787725,kraken
USDT,2024-08-06,2024-08-06 00:00:00+00:00,1.00043,258948427.5111507,kraken
USDT,2024-08-07,2024-08-07 00:00:00+00:00,1.00017,237258596.2170314,kraken
USDT,2024-08-08,2024-08-08 00:00:00+00:00,1.00027,227264778.9142506,kraken
USDT,2024-08-09,2024-08-09 00:00:00+00:00,1.00051,143134664.56885865,kraken
USDT,2024-08-10,2024-08-10 00:00:00+00:00,1.0002,55068952.48938432,kraken
USDT,2024-08-11,2024-08-11 00:00:00+00:00,1.00011,44020973.21358709,kraken
USDT,2024-08-12,2024-08-12 00:00:00+00:00,1.0002,163432315.69050097,kraken
USDT,2024-08-13,2024-08-13 00:00:00+00:00,1.00035,188904700.4651092,kraken
USDT,2024-08-14,2024-08-14 00:00:00+00:00,1.00022,221681604.8622611,kraken
USDT,2024-08-15,2024-08-15 00:00:00+00:00,1.00021,170780946.3734382,kraken
USDT,2024-08-16,2024-08-16 00:00:00+00:00,1.00029,146665038.07776445,kraken
USDT,2024-08-17,2024-08-17 00:00:00+00:00,1.00017,41421445.2046985,kraken
USDT,2024-08-18,2024-08-18 00:00:00+00:00,1.00015,24870005.08523063,kraken
USDT,2024-08-19,2024-08-19 00:00:00+00:00,1.00034,138162683.1246888,kraken
USDT,2024-08-20,2024-08-20 00:00:00+00:00,1.00005,175712517.51077348,kraken
USDT,2024-08-21,2024-08-21 00:00:00+00:00,1.00026,169620196.42152837,kraken
USDT,2024-08-22,2024-08-22 00:00:00+00:00,1.00019,165007628.3371132,kraken
USDT,2024-08-23,2024-08-23 00:00:00+00:00,1.00083,145548521.43859306,kraken
USDT,2024-08-24,2024-08-24 00:00:00+00:00,1.00047,71372433.91855463,kraken
USDT,2024-08-25,2024-08-25 00:00:00+00:00,1.00054,39673294.98660748,kraken
USDT,2024-08-26,2024-08-26 00:00:00+00:00,1.00026,142956046.46539536,kraken
USDT,2024-08-27,2024-08-27 00:00:00+00:00,1.00038,196259702.0645429,kraken
USDT,2024-08-28,2024-08-28 00:00:00+00:00,1.00019,185316053.388904,kraken
USDT,2024-08-29,2024-08-29 00:00:00+00:00,1.0002,131589882.09513746,kraken
USDT,2024-08-30,2024-08-30 00:00:00+00:00,0.99989,92994194.63418543,kraken
USDT,2024-08-31,2024-08-31 00:00:00+00:00,0.99992,25325187.58183125,kraken
USDT,2024-09-01,2024-09-01 00:00:00+00:00,0.99998,20044615.41701076,kraken
USDT,2024-09-02,2024-09-02 00:00:00+00:00,0.99998,72666926.99618682,kraken
USDT,2024-09-03,2024-09-03 00:00:00+00:00,0.99979,107948712.59861349,kraken
USDT,2024-09-04,2024-09-04 00:00:00+00:00,0.99998,104435367.155742,kraken
USDT,2024-09-05,2024-09-05 00:00:00+00:00,0.99967,94147712.58074048,kraken
USDT,2024-09-06,2024-09-06 00:00:00+00:00,0.99973,161413030.58067903,kraken
USDT,2024-09-07,2024-09-07 00:00:00+00:00,0.99995,34516372.97417028,kraken
USDT,2024-09-08,2024-09-08 00:00:00+00:00,1.0,35517066.73744641,kraken
USDT,2024-09-09,2024-09-09 00:00:00+00:00,1.0002,169290527.12893412,kraken
USDT,2024-09-10,2024-09-10 00:00:00+00:00,1.0,91384070.3213436,kraken
USDT,2024-09-11,2024-09-11 00:00:00+00:00,1.00007,116110200.61066616,kraken
USDT,2024-09-12,2024-09-12 00:00:00+00:00,0.99996,112306919.34234604,kraken
USDT,2024-09-13,2024-09-13 00:00:00+00:00,1.00066,181713994.07249412,kraken
USDT,2024-09-14,2024-09-14 00:00:00+00:00,1.00028,37702937.31965222,kraken
USDT,2024-09-15,2024-09-15 00:00:00+00:00,1.00005,42844065.81209483,kraken
USDT,2024-09-16,2024-09-16 00:00:00+00:00,0.99993,112176344.20844509,kraken
USDT,2024-09-17,2024-09-17 00:00:00+00:00,1.0001,135234974.10245082,kraken
USDT,2024-09-18,2024-09-18 00:00:00+00:00,1.00001,136218496.79670793,kraken
USDT,2024-09-19,2024-09-19 00:00:00+00:00,1.00017,180560637.88407624,kraken
USDT,2024-09-20,2024-09-20 00:00:00+00:00,1.0001,121471436.655079,kraken
USDT,2024-09-21,2024-09-21 00:00:00+00:00,1.00032,81941358.71636051,kraken
USDT,2024-09-22,2024-09-22 00:00:00+00:00,1.00016,67839023.20267715,kraken
USDT,2024-09-23,2024-09-23 00:00:00+00:00,1.0,140283025.5370676,kraken
USDT,2024-09-24,2024-09-24 00:00:00+00:00,1.0,89642229.19055207,kraken
USDT,2024-09-25,2024-09-25 00:00:00+00:00,0.99973,104417259.42479312,kraken
USDT,2024-09-26,2024-09-26 00:00:00+00:00,1.00019,154865635.89582467,kraken
USDT,2024-09-27,2024-09-27 00:00:00+00:00,1.00016,134510995.1947015,kraken
USDT,2024-09-28,2024-09-28 00:00:00+00:00,1.00011,33878138.81126599,kraken
USDT,2024-09-29,2024-09-29 00:00:00+00:00,1.00021,39294955.94085842,kraken
USDT,2024-09-30,2024-09-30 00:00:00+00:00,0.99973,123055409.23487924,kraken
USDT,2024-10-01,2024-10-01 00:00:00+00:00,0.9998,113710351.65304032,kraken
USDT,2024-10-02,2024-10-02 00:00:00+00:00,0.99982,110544717.92163104,kraken
USDT,2024-10-03,2024-10-03 00:00:00+00:00,0.99996,105603807.75860883,kraken
USDT,2024-10-04,2024-10-04 00:00:00+00:00,1.00007,107787626.51925091,kraken
USDT,2024-10-05,2024-10-05 00:00:00+00:00,1.00001,26483156.85124537,kraken
USDT,2024-10-06,2024-10-06 00:00:00+00:00,0.99991,35418208.49225933,kraken
USDT,2024-10-07,2024-10-07 00:00:00+00:00,0.99984,107739212.35441032,kraken
USDT,2024-10-08,2024-10-08 00:00:00+00:00,0.99947,127658137.12704971,kraken
USDT,2024-10-09,2024-10-09 00:00:00+00:00,0.99906,147606955.72848368,kraken
USDT,2024-10-10,2024-10-10 00:00:00+00:00,0.99923,106510493.47114024,kraken
USDT,2024-10-11,2024-10-11 00:00:00+00:00,0.9997,113833934.34904528,kraken
USDT,2024-10-12,2024-10-12 00:00:00+00:00,0.99979,36138029.02839663,kraken
USDT,2024-10-13,2024-10-13 00:00:00+00:00,0.99958,29097647.8837053,kraken
USDT,2024-10-14,2024-10-14 00:00:00+00:00,0.99956,114542270.42824124,kraken
USDT,2024-10-15,2024-10-15 00:00:00+00:00,0.99986,117162055.38651171,kraken
USDT,2024-10-16,2024-10-16 00:00:00+00:00,0.9998,127055142.291303,kraken
USDT,2024-10-17,2024-10-17 00:00:00+00:00,0.99967,93627466.58832796,kraken
USDT,2024-10-18,2024-10-18 00:00:00+00:00,0.99989,97295624.6135621,kraken
USDT,2024-10-19,2024-10-19 00:00:00+00:00,0.99979,27743360.90329652,kraken
USDT,2024-10-20,2024-10-20 00:00:00+00:00,0.99969,73833250.68692023,kraken
USDT,2024-10-21,2024-10-21 00:00:00+00:00,0.99949,162529834.46938947,kraken
USDT,2024-10-22,2024-10-22 00:00:00+00:00,0.99934,132837572.0002054,kraken
USDT,2024-10-23,2024-10-23 00:00:00+00:00,0.99894,134197967.75669032,kraken
USDT,2024-10-24,2024-10-24 00:00:00+00:00,0.99938,126243793.45496668,kraken
USDT,2024-10-25,2024-10-25 00:00:00+00:00,0.99795,193338815.46248645,kraken
USDT,2024-10-26,2024-10-26 00:00:00+00:00,0.99869,61038247.91909978,kraken
USDT,2024-10-27,2024-10-27 00:00:00+00:00,0.99875,41276047.34463005,kraken
USDT,2024-10-28,2024-10-28 00:00:00+00:00,0.99931,138909632.66336364,kraken
USDT,2024-10-29,2024-10-29 00:00:00+00:00,0.9991,166012823.988035,kraken
USDT,2024-10-30,2024-10-30 00:00:00+00:00,0.99963,124366743.20861214,kraken
USDT,2024-10-31,2024-10-31 00:00:00+00:00,0.99855,130338147.7758705,kraken
USDT,2024-11-01,2024-11-01 00:00:00+00:00,0.99942,134514912.25644717,kraken
USDT,2024-11-02,2024-11-02 00:00:00+00:00,0.99979,43867038.39089324,kraken
USDT,2024-11-03,2024-11-03 00:00:00+00:00,0.99963,40569130.34219978,kraken
USDT,2024-11-04,2024-11-04 00:00:00+00:00,0.99948,142138350.07984367,kraken
USDT,2024-11-05,2024-11-05 00:00:00+00:00,1.0,110162723.04706006,kraken
USDT,2024-11-06,2024-11-06 00:00:00+00:00,1.00084,348126471.3512812,kraken
USDT,2024-11-07,2024-11-07 00:00:00+00:00,1.00081,289946031.1782669,kraken
USDT,2024-11-08,2024-11-08 00:00:00+00:00,1.00059,232764374.0320404,kraken
USDT,2024-11-09,2024-11-09 00:00:00+00:00,1.00055,85275038.26826479,kraken
USDT,2024-11-10,2024-11-10 00:00:00+00:00,1.00083,103692155.97473411,kraken
USDT,2024-11-11,2024-11-11 00:00:00+00:00,1.00123,263016780.27164376,kraken
USDT,2024-11-12,2024-11-12 00:00:00+00:00,1.00102,450125385.23515946,kraken
USDT,2024-11-13,2024-11-13 00:00:00+00:00,1.00132,419769147.4916128,kraken
USDT,2024-11-14,2024-11-14 00:00:00+00:00,1.00007,350266470.8528519,kraken
USDT,2024-11-15,2024-11-15 00:00:00+00:00,1.00033,228390656.26296923,kraken
USDT,2024-11-16,2024-11-16 00:00:00+00:00,1.00049,124342652.6389636,kraken
USDT,2024-11-17,2024-11-17 00:00:00+00:00,1.00025,68224427.25089948,kraken
USDT,2024-11-18,2024-11-18 00:00:00+00:00,1.00059,235727659.55159888,kraken
USDT,2024-11-19,2024-11-19 00:00:00+00:00,1.00137,259091035.68800452,kraken
USDT,2024-11-20,2024-11-20 00:00:00+00:00,1.00083,324437600.0685382,kraken
USDT,2024-11-21,2024-11-21 00:00:00+00:00,1.00107,340340521.1823367,kraken
USDT,2024-11-22,2024-11-22 00:00:00+00:00,1.00112,363213500.4459884,kraken
USDT,2024-11-23,2024-11-23 00:00:00+00:00,1.00092,184981795.06224504,kraken
USDT,2024-11-24,2024-11-24 00:00:00+00:00,1.00108,132390523.0444916,kraken
USDT,2024-11-25,2024-11-25 00:00:00+00:00,0.99971,315197769.7432716,kraken
USDT,2024-11-26,2024-11-26 00:00:00+00:00,0.99951,209622765.2141913,kraken
USDT,2024-11-27,2024-11-27 00:00:00+00:00,1.00103,241454884.0144948,kraken
USDT,2024-11-28,2024-11-28 00:00:00+00:00,1.00014,139522341.18250072,kraken
USDT,2024-11-29,2024-11-29 00:00:00+00:00,1.0004,227840965.03830943,kraken
USDT,2024-11-30,2024-11-30 00:00:00+00:00,1.00057,70645143.19202006,kraken
USDT,2024-12-01,2024-12-01 00:00:00+00:00,1.00072,79857102.19029294,kraken
USDT,2024-12-02,2024-12-02 00:00:00+00:00,1.0003,288133014.3471857,kraken
USDT,2024-12-03,2024-12-03 00:00:00+00:00,1.00078,269900150.76627654,kraken
USDT,2024-12-04,2024-12-04 00:00:00+00:00,1.00155,397772892.21986574,kraken
USDT,2024-12-05,2024-12-05 00:00:00+00:00,1.00113,461755440.2182882,kraken
USDT,2024-12-06,2024-12-06 00:00:00+00:00,1.00156,325051424.9430211,kraken
USDT,2024-12-07,2024-12-07 00:00:00+00:00,1.00095,154373408.28933907,kraken
USDT,2024-12-08,2024-12-08 00:00:00+00:00,1.00071,106375989.27444822,kraken
USDT,2024-12-09,2024-12-09 00:00:00+00:00,1.00043,300718467.9432087,kraken
USDT,2024-12-10,2024-12-10 00:00:00+00:00,1.00064,343108050.465479,kraken
USDT,2024-12-11,2024-12-11 00:00:00+00:00,1.00073,343718370.42217106,kraken
USDT,2024-12-12,2024-12-12 00:00:00+00:00,1.00019,236411675.4977496,kraken
USDT,2024-12-13,2024-12-13 00:00:00+00:00,1.00019,198737287.03127405,kraken
USDT,2024-12-14,2024-12-14 00:00:00+00:00,0.99979,109873306.30039732,kraken
USDT,2024-12-15,2024-12-15 00:00:00+00:00,0.99969,95091755.7770533,kraken
USDT,2024-12-16,2024-12-16 00:00:00+00:00,1.00012,339510604.245702,kraken
USDT,2024-12-17,2024-12-17 00:00:00+00:00,1.00015,376823291.61368525,kraken
USDT,2024-12-18,2024-12-18 00:00:00+00:00,0.99952,271534560.40080434,kraken
USDT,2024-12-19,2024-12-19 00:00:00+00:00,0.99917,280201485.50650936,kraken
USDT,2024-12-20,2024-12-20 00:00:00+00:00,0.99957,292195125.3633649,kraken
USDT,2024-12-21,2024-12-21 00:00:00+00:00,0.99944,109437335.804429,kraken
USDT,2024-12-22,2024-12-22 00:00:00+00:00,0.99905,81455661.07678218,kraken
USDT,2024-12-23,2024-12-23 00:00:00+00:00,0.99877,185176630.3439624,kraken
USDT,2024-12-24,2024-12-24 00:00:00+00:00,0.99932,207019794.70676064,kraken
USDT,2024-12-25,2024-12-25 00:00:00+00:00,0.9992,87487712.71500954,kraken
USDT,2024-12-26,2024-12-26 00:00:00+00:00,0.99877,112829013.33416334,kraken
USDT,2024-12-27,2024-12-27 00:00:00+00:00,0.99844,192401784.80851725,kraken
USDT,2024-12-28,2024-12-28 00:00:00+00:00,0.99818,73610168.82070094,kraken
USDT,2024-12-29,2024-12-29 00:00:00+00:00,0.99815,69006017.2927422,kraken
USDT,2024-12-30,2024-12-30 00:00:00+00:00,0.99799,199834392.31682152,kraken
USDT,2024-12-31,2024-12-31 00:00:00+00:00,0.99798,213582718.4625392,kraken
USDT,2025-01-01,2025-01-01 00:00:00+00:00,0.99788,81950520.40756996,kraken
USDT,2025-01-02,2025-01-02 00:00:00+00:00,0.99902,153530552.71637836,kraken
USDT,2025-01-03,2025-01-03 00:00:00+00:00,0.99955,190269204.16918308,kraken
USDT,2025-01-04,2025-01-04 00:00:00+00:00,0.99989,64469239.8345102,kraken
USDT,2025-01-05,2025-01-05 00:00:00+00:00,0.99981,41664825.33780618,kraken
USDT,2025-01-06,2025-01-06 00:00:00+00:00,1.00043,163893713.53123376,kraken
USDT,2025-01-07,2025-01-07 00:00:00+00:00,0.99983,194181589.4867977,kraken
USDT,2025-01-08,2025-01-08 00:00:00+00:00,0.99978,204616627.2303472,kraken
USDT,2025-01-09,2025-01-09 00:00:00+00:00,0.99998,195566488.24140728,kraken
USDT,2025-01-10,2025-01-10 00:00:00+00:00,0.99979,191015987.91001832,kraken
USDT,2025-01-11,2025-01-11 00:00:00+00:00,0.99966,54398194.7307384,kraken
USDT,2025-01-12,2025-01-12 00:00:00+00:00,0.99947,51082112.26267452,kraken
USDT,2025-01-13,2025-01-13 00:00:00+00:00,0.99964,193349522.11175,kraken
USDT,2025-01-14,2025-01-14 00:00:00+00:00,0.99974,163930944.84366944,kraken
USDT,2025-01-15,2025-01-15 00:00:00+00:00,1.0001,247517302.94023404,kraken
USDT,2025-01-16,2025-01-16 00:00:00+00:00,0.99992,210020883.25790304,kraken
USDT,2025-01-17,2025-01-17 00:00:00+00:00,1.00039,244143196.50703248,kraken
USDT,2025-01-18,2025-01-18 00:00:00+00:00,0.99878,158452564.5589364,kraken
USDT,2025-01-19,2025-01-19 00:00:00+00:00,0.99866,347644987.14558977,kraken
USDT,2025-01-20,2025-01-20 00:00:00+00:00,0.99891,267308088.9766176,kraken
USDT,2025-01-21,2025-01-21 00:00:00+00:00,1.00021,199137615.56037,kraken
USDT,2025-01-22,2025-01-22 00:00:00+00:00,0.9996,190768969.16895545,kraken
USDT,2025-01-23,2025-01-23 00:00:00+00:00,1.00015,212475564.86972272,kraken
USDT,2025-01-24,2025-01-24 00:00:00+00:00,0.99994,239556147.83630884,kraken
USDT,2025-01-25,2025-01-25 00:00:00+00:00,0.99991,55796994.5891856,kraken
USDT,2025-01-26,2025-01-26 00:00:00+00:00,0.9997,53686938.4723493,kraken
USDT,2025-01-27,2025-01-27 00:00:00+00:00,0.99995,261086113.8874935,kraken
USDT,2025-01-28,2025-01-28 00:00:00+00:00,0.99931,133937922.19916809,kraken
USDT,2025-01-29,2025-01-29 00:00:00+00:00,0.99997,142656086.27835315,kraken
USDT,2025-01-30,2025-01-30 00:00:00+00:00,1.00017,127788959.04717316,kraken
USDT,2025-01-31,2025-01-31 00:00:00+00:00,0.99979,153310450.66825423,kraken
USDT,2025-02-01,2025-02-01 00:00:00+00:00,0.9999,81654477.24109657,kraken
USDT,2025-02-02,2025-02-02 00:00:00+00:00,0.99975,119262787.08839008,kraken
USDT,2025-02-03,2025-02-03 00:00:00+00:00,1.00105,595950484.6695263,kraken
USDT,2025-02-04,2025-02-04 00:00:00+00:00,1.00029,333571909.2972521,kraken
USDT,2025-02-05,2025-02-05 00:00:00+00:00,1.00005,180211364.81527773,kraken
USDT,2025-02-06,2025-02-06 00:00:00+00:00,1.00007,203301765.6253784,kraken
USDT,2025-02-07,2025-02-07 00:00:00+00:00,1.00026,240351244.0536923,kraken
USDT,2025-02-08,2025-02-08 00:00:00+00:00,1.00023,90385747.48124294,kraken
USDT,2025-02-09,2025-02-09 00:00:00+00:00,1.0002,56042993.98089414,kraken
USDT,2025-02-10,2025-02-10 00:00:00+00:00,1.00017,189226228.14091825,kraken
USDT,2025-02-11,2025-02-11 00:00:00+00:00,0.99985,161997828.6573266,kraken
USDT,2025-02-12,2025-02-12 00:00:00+00:00,1.00003,160253808.06795105,kraken
USDT,2025-02-13,2025-02-13 00:00:00+00:00,1.00011,115257970.41499452,kraken
USDT,2025-02-14,2025-02-14 00:00:00+00:00,1.0001,156313090.22965568,kraken
USDT,2025-02-15,2025-02-15 00:00:00+00:00,1.0002,48014450.84077697,kraken
USDT,2025-02-16,2025-02-16 00:00:00+00:00,1.00007,52734357.97376685,kraken
USDT,2025-02-17,2025-02-17 00:00:00+00:00,0.99994,86411360.62881376,kraken
USDT,2025-02-18,2025-02-18 00:00:00+00:00,0.99941,119233879.33890176,kraken
USDT,2025-02-19,2025-02-19 00:00:00+00:00,0.9999,128829765.11578618,kraken
USDT,2025-02-20,2025-02-20 00:00:00+00:00,1.00015,182128184.00353795,kraken
USDT,2025-02-21,2025-02-21 00:00:00+00:00,0.99947,186232979.2484902,kraken
USDT,2025-02-22,2025-02-22 00:00:00+00:00,1.00011,57167776.43485485,kraken
USDT,2025-02-23,2025-02-23 00:00:00+00:00,1.00002,45710696.83127696,kraken
USDT,2025-02-24,2025-02-24 00:00:00+00:00,0.99981,163573091.25648284,kraken
USDT,2025-02-25,2025-02-25 00:00:00+00:00,0.99876,244986784.2317581,kraken
USDT,2025-02-26,2025-02-26 00:00:00+00:00,0.99851,188807969.7542406,kraken
USDT,2025-02-27,2025-02-27 00:00:00+00:00,0.99908,133644395.45164928,kraken
USDT,2025-02-28,2025-02-28 00:00:00+00:00,0.99955,154043747.98326078,kraken
USDT,2025-03-01,2025-03-01 00:00:00+00:00,0.99958,50050922.76401466,kraken
USDT,2025-03-02,2025-03-02 00:00:00+00:00,1.00008,122558410.52687667,kraken
USDT,2025-03-03,2025-03-03 00:00:00+00:00,0.99928,156742607.75727263,kraken
USDT,2025-03-04,2025-03-04 00:00:00+00:00,0.99976,160847893.14448825,kraken
USDT,2025-03-05,2025-03-05 00:00:00+00:00,0.99998,124977887.2161307,kraken
USDT,2025-03-06,2025-03-06 00:00:00+00:00,0.99994,178198849.0370933,kraken
USDT,2025-03-07,2025-03-07 00:00:00+00:00,0.99956,161246157.3162813,kraken
USDT,2025-03-08,2025-03-08 00:00:00+00:00,0.99971,39670427.76194874,kraken
USDT,2025-03-09,2025-03-09 00:00:00+00:00,0.9997,62272108.76191449,kraken
USDT,2025-03-10,2025-03-10 00:00:00+00:00,0.99948,165380187.62983134,kraken
USDT,2025-03-11,2025-03-11 00:00:00+00:00,0.99976,171265161.0161443,kraken
USDT,2025-03-12,2025-03-12 00:00:00+00:00,0.99978,141055245.27531677,kraken
USDT,2025-03-13,2025-03-13 00:00:00+00:00,0.99953,138049104.16192073,kraken
USDT,2025-03-14,2025-03-14 00:00:00+00:00,1.00002,110755694.20654844,kraken
USDT,2025-03-15,2025-03-15 00:00:00+00:00,1.00001,59065874.61050471,kraken
USDT,2025-03-16,2025-03-16 00:00:00+00:00,0.9999,51062113.11495928,kraken
USDT,2025-03-17,2025-03-17 00:00:00+00:00,0.99988,123476541.45613858,kraken
USDT,2025-03-18,2025-03-18 00:00:00+00:00,0.9998,104051548.86055195,kraken
USDT,2025-03-19,2025-03-19 00:00:00+00:00,1.00025,160061433.85269034,kraken
USDT,2025-03-20,2025-03-20 00:00:00+00:00,0.99941,116844422.9603337,kraken
USDT,2025-03-21,2025-03-21 00:00:00+00:00,0.99961,134170556.11522892,kraken
USDT,2025-03-22,2025-03-22 00:00:00+00:00,0.99981,18976271.30363807,kraken
USDT,2025-03-23,2025-03-23 00:00:00+00:00,0.99995,47616668.78124012,kraken
USDT,2025-03-24,2025-03-24 00:00:00+00:00,1.00015,181377398.86635584,kraken
USDT,2025-03-25,2025-03-25 00:00:00+00:00,1.00014,159147357.34502345,kraken
USDT,2025-03-26,2025-03-26 00:00:00+00:00,1.00003,140920136.09458143,kraken
USDT,2025-03-27,2025-03-27 00:00:00+00:00,0.99971,124354782.37829824,kraken
USDT,2025-03-28,2025-03-28 00:00:00+00:00,0.99953,151365712.37920097,kraken
USDT,2025-03-29,2025-03-29 00:00:00+00:00,0.99965,33640494.70414964,kraken
USDT,2025-03-30,2025-03-30 00:00:00+00:00,0.99984,30760363.55914263,kraken
USDT,2025-03-31,2025-03-31 00:00:00+00:00,0.99979,140815946.56501484,kraken
USDT,2025-04-01,2025-04-01 00:00:00+00:00,1.0,131733765.41251978,kraken
USDT,2025-04-02,2025-04-02 00:00:00+00:00,0.99975,161469372.23291805,kraken
USDT,2025-04-03,2025-04-03 00:00:00+00:00,0.99953,118191044.7580604,kraken
USDT,2025-04-04,2025-04-04 00:00:00+00:00,0.99962,180034069.53249627,kraken
USDT,2025-04-05,2025-04-05 00:00:00+00:00,0.99954,21541011.08455986,kraken
USDT,2025-04-06,2025-04-06 00:00:00+00:00,0.99924,133742073.60947151,kraken
USDT,2025-04-07,2025-04-07 00:00:00+00:00,0.99953,259745863.50453916,kraken
USDT,2025-04-08,2025-04-08 00:00:00+00:00,0.99902,227790877.443788,kraken
USDT,2025-04-09,2025-04-09 00:00:00+00:00,0.99972,219328041.52508372,kraken
USDT,2025-04-10,2025-04-10 00:00:00+00:00,0.99937,182805379.8722236,kraken
USDT,2025-04-11,2025-04-11 00:00:00+00:00,0.99954,181926982.5933308,kraken
USDT,2025-04-12,2025-04-12 00:00:00+00:00,0.99992,40937664.05904159,kraken
USDT,2025-04-13,2025-04-13 00:00:00+00:00,0.99968,42633574.22078461,kraken
USDT,2025-04-14,2025-04-14 00:00:00+00:00,0.99991,145663719.72697088,kraken
USDT,2025-04-15,2025-04-15 00:00:00+00:00,0.99989,185726036.41511032,kraken
USDT,2025-04-16,2025-04-16 00:00:00+00:00,1.00003,211833841.07823932,kraken
USDT,2025-04-17,2025-04-17 00:00:00+00:00,0.99999,152395239.1158701,kraken
USDT,2025-04-18,2025-04-18 00:00:00+00:00,0.99983,105994159.3030421,kraken
USDT,2025-04-19,2025-04-19 00:00:00+00:00,0.9999,33529837.50193954,kraken
USDT,2025-04-20,2025-04-20 00:00:00+00:00,0.99998,45126694.18497302,kraken
USDT,2025-04-21,2025-04-21 00:00:00+00:00,1.0,122348668.09803876,kraken
USDT,2025-04-22,2025-04-22 00:00:00+00:00,1.00049,360852727.4004016,kraken
USDT,2025-04-23,2025-04-23 00:00:00+00:00,1.00048,214553310.46707365,kraken
USDT,2025-04-24,2025-04-24 00:00:00+00:00,1.00039,318613106.69911635,kraken
USDT,2025-04-25,2025-04-25 00:00:00+00:00,1.00066,434732086.6835021,kraken
USDT,2025-04-26,2025-04-26 00:00:00+00:00,1.00027,174887950.5175537,kraken
USDT,2025-04-27,2025-04-27 00:00:00+00:00,1.00031,78261646.69884896,kraken
USDT,2025-04-28,2025-04-28 00:00:00+00:00,1.00022,303108485.963187,kraken
USDT,2025-04-29,2025-04-29 00:00:00+00:00,1.0003,240804910.67306367,kraken
USDT,2025-04-30,2025-04-30 00:00:00+00:00,1.00007,217232282.94714108,kraken
USDT,2025-05-01,2025-05-01 00:00:00+00:00,1.00029,231783774.4624958,kraken
USDT,2025-05-02,2025-05-02 00:00:00+00:00,1.00037,330243361.1041032,kraken
USDT,2025-05-03,2025-05-03 00:00:00+00:00,1.00022,196555285.83895144,kraken
USDT,2025-05-04,2025-05-04 00:00:00+00:00,1.00004,69104572.75511909,kraken
USDT,2025-05-05,2025-05-05 00:00:00+00:00,0.99989,144980219.84391257,kraken
USDT,2025-05-06,2025-05-06 00:00:00+00:00,0.99996,172647931.62548074,kraken
USDT,2025-05-07,2025-05-07 00:00:00+00:00,1.0002,175363740.14304608,kraken
USDT,2025-05-08,2025-05-08 00:00:00+00:00,0.99993,245409446.4151088,kraken
USDT,2025-05-09,2025-05-09 00:00:00+00:00,1.0001,238622125.1872424,kraken
USDT,2025-05-10,2025-05-10 00:00:00+00:00,1.00011,61678855.34265594,kraken
USDT,2025-05-11,2025-05-11 00:00:00+00:00,1.00016,47557038.96836619,kraken
USDT,2025-05-12,2025-05-12 00:00:00+00:00,1.00007,178133080.65718117,kraken
USDT,2025-05-13,2025-05-13 00:00:00+00:00,1.00017,273701069.60435545,kraken
USDT,2025-05-14,2025-05-14 00:00:00+00:00,1.00024,216058977.91479412,kraken
USDT,2025-05-15,2025-05-15 00:00:00+00:00,1.00012,233619380.71901405,kraken
USDT,2025-05-16,2025-05-16 00:00:00+00:00,1.0002,239381395.43488336,kraken
USDT,2025-05-17,2025-05-17 00:00:00+00:00,1.00033,121986592.38454576,kraken
USDT,2025-05-18,2025-05-18 00:00:00+00:00,1.00033,83332741.96468122,kraken
USDT,2025-05-19,2025-05-19 00:00:00+00:00,1.00029,269565386.4522256,kraken
USDT,2025-05-20,2025-05-20 00:00:00+00:00,1.00026,332241801.9149696,kraken
USDT,2025-05-21,2025-05-21 00:00:00+00:00,1.00031,389902235.1950056,kraken
USDT,2025-05-22,2025-05-22 00:00:00+00:00,1.00008,194020755.79087216,kraken
USDT,2025-05-23,2025-05-23 00:00:00+00:00,1.00006,282348306.5677672,kraken
USDT,2025-05-24,2025-05-24 00:00:00+00:00,1.0002,108436383.51778944,kraken
USDT,2025-05-25,2025-05-25 00:00:00+00:00,1.00031,70236546.89897096,kraken
USDT,2025-05-26,2025-05-26 00:00:00+00:00,1.00022,162258390.48089853,kraken
USDT,2025-05-27,2025-05-27 00:00:00+00:00,1.00031,289650450.4052855,kraken
USDT,2025-05-28,2025-05-28 00:00:00+00:00,1.00006,239511971.5463676,kraken
USDT,2025-05-29,2025-05-29 00:00:00+00:00,0.99989,179584351.69426405,kraken
USDT,2025-05-30,2025-05-30 00:00:00+00:00,1.0002,191123997.6135247,kraken
USDT,2025-05-31,2025-05-31 00:00:00+00:00,1.0003,171718699.1318319,kraken
USDT,2025-06-01,2025-06-01 00:00:00+00:00,1.00034,105203589.9530867,kraken
USDT,2025-06-02,2025-06-02 00:00:00+00:00,1.00037,256766616.6950356,kraken
USDT,2025-06-03,2025-06-03 00:00:00+00:00,1.00051,381078818.9995176,kraken
USDT,2025-06-04,2025-06-04 00:00:00+00:00,1.0004,199780531.9979159,kraken
USDT,2025-06-05,2025-06-05 00:00:00+00:00,1.00034,292166632.17071205,kraken
USDT,2025-06-06,2025-06-06 00:00:00+00:00,1.00066,438464608.1698661,kraken
USDT,2025-06-07,2025-06-07 00:00:00+00:00,1.00036,300576909.6537126,kraken
USDT,2025-06-08,2025-06-08 00:00:00+00:00,1.00038,121043774.21379703,kraken
USDT,2025-06-09,2025-06-09 00:00:00+00:00,1.00018,300465050.44832885,kraken
USDT,2025-06-10,2025-06-10 00:00:00+00:00,0.99997,191005962.47803804,kraken
USDT,2025-06-11,2025-06-11 00:00:00+00:00,1.00009,198927161.97362337,kraken
USDT,2025-06-12,2025-06-12 00:00:00+00:00,1.00025,174142473.47132567,kraken
USDT,2025-06-13,2025-06-13 00:00:00+00:00,1.00025,328121259.42546993,kraken
USDT,2025-06-14,2025-06-14 00:00:00+00:00,1.00027,96206068.49247296,kraken
USDT,2025-06-15,2025-06-15 00:00:00+00:00,0.99998,124685069.54000545,kraken
USDT,2025-06-16,2025-06-16 00:00:00+00:00,1.00033,180972218.5692426,kraken
USDT,2025-06-17,2025-06-17 00:00:00+00:00,1.0,176505926.8555726,kraken
USDT,2025-06-18,2025-06-18 00:00:00+00:00,1.00012,162320721.26503357,kraken
USDT,2025-06-19,2025-06-19 00:00:00+00:00,1.00001,73320171.62214667,kraken
USDT,2025-06-20,2025-06-20 00:00:00+00:00,0.99996,202663924.82425213,kraken
USDT,2025-06-21,2025-06-21 00:00:00+00:00,1.00014,72578031.82704146,kraken
USDT,2025-06-22,2025-06-22 00:00:00+00:00,1.00016,117943950.1087026,kraken
USDT,2025-06-23,2025-06-23 00:00:00+00:00,1.00056,475699585.084752,kraken
USDT,2025-06-24,2025-06-24 00:00:00+00:00,1.00043,437676424.0824595,kraken
USDT,2025-06-25,2025-06-25 00:00:00+00:00,1.00048,328334340.6387378,kraken
USDT,2025-06-26,2025-06-26 00:00:00+00:00,1.00035,254062567.13267416,kraken
USDT,2025-06-27,2025-06-27 00:00:00+00:00,1.00033,251040365.7980858,kraken
USDT,2025-06-28,2025-06-28 00:00:00+00:00,1.00027,111045366.4652222,kraken
USDT,2025-06-29,2025-06-29 00:00:00+00:00,1.00012,90633832.25826009,kraken
USDT,2025-06-30,2025-06-30 00:00:00+00:00,1.00017,132329090.06239696,kraken
USDT,2025-07-01,2025-07-01 00:00:00+00:00,1.00007,275298931.0041641,kraken
USDT,2025-07-02,2025-07-02 00:00:00+00:00,1.00031,343013703.1617674,kraken
USDT,2025-07-03,2025-07-03 00:00:00+00:00,1.00025,253271163.07407025,kraken
USDT,2025-07-04,2025-07-04 00:00:00+00:00,1.00017,230192262.99776065,kraken
USDT,2025-07-05,2025-07-05 00:00:00+00:00,1.00014,134593789.18266043,kraken
USDT,2025-07-06,2025-07-06 00:00:00+00:00,1.00006,88963830.73135109,kraken
USDT,2025-07-07,2025-07-07 00:00:00+00:00,0.99999,173004380.23332626,kraken
USDT,2025-07-08,2025-07-08 00:00:00+00:00,1.00011,150980198.3997992,kraken
USDT,2025-07-09,2025-07-09 00:00:00+00:00,1.00029,267912720.0686812,kraken
USDT,2025-07-10,2025-07-10 00:00:00+00:00,1.00003,455471407.61194646,kraken
USDT,2025-07-11,2025-07-11 00:00:00+00:00,1.00028,273925289.1039185,kraken
USDT,2025-07-12,2025-07-12 00:00:00+00:00,1.00023,157884374.1452707,kraken
USDT,2025-07-13,2025-07-13 00:00:00+00:00,1.00032,200474200.44894385,kraken
USDT,2025-07-14,2025-07-14 00:00:00+00:00,1.00009,293975694.0937385,kraken
USDT,2025-07-15,2025-07-15 00:00:00+00:00,1.00006,352278365.1797256,kraken
USDT,2025-07-16,2025-07-16 00:00:00+00:00,1.0004,580314368.1187439,kraken
USDT,2025-07-17,2025-07-17 00:00:00+00:00,1.00065,467026131.0567018,kraken
USDT,2025-07-18,2025-07-18 00:00:00+00:00,1.00052,586784017.3627875,kraken
USDT,2025-07-19,2025-07-19 00:00:00+00:00,1.00047,367623391.9300813,kraken
USDT,2025-07-20,2025-07-20 00:00:00+00:00,1.0004,169483086.04949597,kraken
USDT,2025-07-21,2025-07-21 00:00:00+00:00,1.00029,266708340.72619745,kraken
USDT,2025-07-22,2025-07-22 00:00:00+00:00,1.0004,398660311.68240976,kraken
USDT,2025-07-23,2025-07-23 00:00:00+00:00,1.00036,345414810.82027566,kraken
USDT,2025-07-24,2025-07-24 00:00:00+00:00,1.00041,414974127.2874613,kraken
USDT,2025-07-25,2025-07-25 00:00:00+00:00,1.00006,433640688.1064377,kraken
USDT,2025-07-26,2025-07-26 00:00:00+00:00,1.00025,390859740.5577562,kraken
USDT,2025-07-27,2025-07-27 00:00:00+00:00,1.00024,125138905.75156131,kraken
USDT,2025-07-28,2025-07-28 00:00:00+00:00,0.99998,184658913.89861408,kraken
USDT,2025-07-29,2025-07-29 00:00:00+00:00,0.99981,318046111.04924047,kraken
USDT,2025-07-30,2025-07-30 00:00:00+00:00,0.99989,163827530.36293393,kraken
USDT,2025-07-31,2025-07-31 00:00:00+00:00,0.99985,188084967.2464924,kraken
USDT,2025-08-01,2025-08-01 00:00:00+00:00,0.99947,222118151.8847117,kraken
USDT,2025-08-02,2025-08-02 00:00:00+00:00,0.99969,68232471.65458667,kraken
USDT,2025-08-03,2025-08-03 00:00:00+00:00,1.00002,48886600.53685191,kraken
USDT,2025-08-04,2025-08-04 00:00:00+00:00,0.99979,148568396.04015908,kraken
USDT,2025-08-05,2025-08-05 00:00:00+00:00,0.99987,177252666.4755508,kraken
USDT,2025-08-06,2025-08-06 00:00:00+00:00,1.00013,127639038.9654295,kraken
USDT,2025-08-07,2025-08-07 00:00:00+00:00,1.00018,389326467.692644,kraken
USDT,2025-08-08,2025-08-08 00:00:00+00:00,1.00006,260865900.29597932,kraken
USDT,2025-08-09,2025-08-09 00:00:00+00:00,1.00021,106924454.80635336,kraken
USDT,2025-08-10,2025-08-10 00:00:00+00:00,1.00013,94221602.66430876,kraken
USDT,2025-08-11,2025-08-11 00:00:00+00:00,1.00001,344006927.34585345,kraken
USDT,2025-08-12,2025-08-12 00:00:00+00:00,0.99979,202389990.57588395,kraken
USDT,2025-08-13,2025-08-13 00:00:00+00:00,1.00024,384258794.98328966,kraken
USDT,2025-08-14,2025-08-14 00:00:00+00:00,1.00063,651496695.2387403,kraken
USDT,2025-08-15,2025-08-15 00:00:00+00:00,1.00058,396266785.3814761,kraken
USDT,2025-08-16,2025-08-16 00:00:00+00:00,1.00056,387476484.6741784,kraken
USDT,2025-08-17,2025-08-17 00:00:00+00:00,1.00056,216347362.25277328,kraken
USDT,2025-08-18,2025-08-18 00:00:00+00:00,1.00043,297307224.52694774,kraken
USDT,2025-08-19,2025-08-19 00:00:00+00:00,0.99981,264314512.78239027,kraken
USDT,2025-08-20,2025-08-20 00:00:00+00:00,1.00002,244305607.55707845,kraken
USDT,2025-08-21,2025-08-21 00:00:00+00:00,0.9997,149938596.9467116,kraken
USDT,2025-08-22,2025-08-22 00:00:00+00:00,0.9997,190990229.5607468,kraken
USDT,2025-08-23,2025-08-23 00:00:00+00:00,0.99956,58250414.12085703,kraken
USDT,2025-08-24,2025-08-24 00:00:00+00:00,0.99977,121991683.2406431,kraken
USDT,2025-08-25,2025-08-25 00:00:00+00:00,1.00011,241875687.51126212,kraken
USDT,2025-08-26,2025-08-26 00:00:00+00:00,1.00009,256295937.87576985,kraken
USDT,2025-08-27,2025-08-27 00:00:00+00:00,0.99996,160593197.10915765,kraken
USDT,2025-08-28,2025-08-28 00:00:00+00:00,0.99999,179902918.95991433,kraken
USDT,2025-08-29,2025-08-29 00:00:00+00:00,1.00001,172071263.4954682,kraken
USDT,2025-08-30,2025-08-30 00:00:00+00:00,1.00001,57122624.7826184,kraken
USDT,2025-08-31,2025-08-31 00:00:00+00:00,1.0,60839054.50906238,kraken
USDT,2025-09-01,2025-09-01 00:00:00+00:00,0.99992,150647686.68698457,kraken
USDT,2025-09-02,2025-09-02 00:00:00+00:00,0.99997,219009059.7775513,kraken
USDT,2025-09-03,2025-09-03 00:00:00+00:00,1.00025,170527784.7850378,kraken
USDT,2025-09-04,2025-09-04 00:00:00+00:00,1.00001,292403322.17099935,kraken
USDT,2025-09-05,2025-09-05 00:00:00+00:00,1.00001,205995317.87471104,kraken
USDT,2025-09-06,2025-09-06 00:00:00+00:00,1.00016,49892205.87484737,kraken
USDT,2025-09-07,2025-09-07 00:00:00+00:00,0.9999,56176672.91947066,kraken
USDT,2025-09-08,2025-09-08 00:00:00+00:00,0.99999,269154650.66734344,kraken
USDT,2025-09-09,2025-09-09 00:00:00+00:00,0.99995,224522950.25801,kraken
USDT,2025-09-10,2025-09-10 00:00:00+00:00,1.00016,222499600.8832816,kraken
USDT,2025-09-11,2025-09-11 00:00:00+00:00,1.0003,388757688.0026629,kraken
USDT,2025-09-12,2025-09-12 00:00:00+00:00,1.00055,559480395.6090115,kraken
USDT,2025-09-13,2025-09-13 00:00:00+00:00,1.00047,282607579.6200792,kraken
USDT,2025-09-14,2025-09-14 00:00:00+00:00,1.00031,223572164.82748023,kraken
USDT,2025-09-15,2025-09-15 00:00:00+00:00,1.00016,296014539.79856867,kraken
USDT,2025-09-16,2025-09-16 00:00:00+00:00,1.00019,342614671.1723857,kraken
USDT,2025-09-17,2025-09-17 00:00:00+00:00,1.00022,325503405.59451926,kraken
USDT,2025-09-18,2025-09-18 00:00:00+00:00,1.00024,339487535.56764424,kraken
USDT,2025-09-19,2025-09-19 00:00:00+00:00,1.00031,222572635.82010448,kraken
USDT,2025-09-20,2025-09-20 00:00:00+00:00,1.00029,312693890.2174706,kraken
USDT,2025-09-21,2025-09-21 00:00:00+00:00,1.00029,181130170.0717366,kraken
USDT,2025-09-22,2025-09-22 00:00:00+00:00,1.00061,552238610.7886794,kraken
USDT,2025-09-23,2025-09-23 00:00:00+00:00,1.00004,264135904.1751673,kraken
USDT,2025-09-24,2025-09-24 00:00:00+00:00,1.00023,260052088.84896165,kraken
USDT,2025-09-25,2025-09-25 00:00:00+00:00,1.00027,302004107.635838,kraken
USDT,2025-09-26,2025-09-26 00:00:00+00:00,1.00036,446623298.77522326,kraken
USDT,2025-09-27,2025-09-27 00:00:00+00:00,1.00023,213731390.15929,kraken
USDT,2025-09-28,2025-09-28 00:00:00+00:00,1.00011,110216236.5255708,kraken
USDT,2025-09-29,2025-09-29 00:00:00+00:00,1.00026,315824392.2068397,kraken
USDT,2025-09-30,2025-09-30 00:00:00+00:00,0.99986,339551355.52754545,kraken
USDT,2025-10-01,2025-10-01 00:00:00+00:00,1.00032,224810484.11908972,kraken
USDT,2025-10-02,2025-10-02 00:00:00+00:00,1.00036,281022017.144069,kraken
USDT,2025-10-03,2025-10-03 00:00:00+00:00,1.00045,380055950.05550426,kraken
USDT,2025-10-04,2025-10-04 00:00:00+00:00,1.00025,229266677.8398276,kraken
USDT,2025-10-05,2025-10-05 00:00:00+00:00,1.00008,114896519.0641832,kraken
USDT,2025-10-06,2025-10-06 00:00:00+00:00,1.00024,337798356.84820384,kraken
USDT,2025-10-07,2025-10-07 00:00:00+00:00,1.00022,322731807.82498,kraken
USDT,2025-10-08,2025-10-08 00:00:00+00:00,1.00012,233580377.4214832,kraken
USDT,2025-10-09,2025-10-09 00:00:00+00:00,1.0003,275393962.1696022,kraken
USDT,2025-10-10,2025-10-10 00:00:00+00:00,1.0013,543060393.6184585,kraken
USDT,2025-10-11,2025-10-11 00:00:00+00:00,1.001,728746068.5825434,kraken
USDT,2025-10-12,2025-10-12 00:00:00+00:00,1.00095,306667834.7552064,kraken
USDT,2025-10-13,2025-10-13 00:00:00+00:00,1.00084,351485488.6793293,kraken
USDT,2025-10-14,2025-10-14 00:00:00+00:00,1.0004,366326462.2398647,kraken
USDT,2025-10-15,2025-10-15 00:00:00+00:00,1.00038,362201832.76852256,kraken
USDT,2025-10-16,2025-10-16 00:00:00+00:00,1.0001,329548237.90074784,kraken
USDT,2025-10-17,2025-10-17 00:00:00+00:00,1.00034,267979486.1764384,kraken
USDT,2025-10-18,2025-10-18 00:00:00+00:00,1.00021,145974887.9604102,kraken
USDT,2025-10-19,2025-10-19 00:00:00+00:00,1.00029,50929977.26560704,kraken
USDT,2025-10-20,2025-10-20 00:00:00+00:00,1.00026,271424702.42224216,kraken
USDT,2025-10-21,2025-10-21 00:00:00+00:00,1.00029,273897640.37244964,kraken
USDT,2025-10-22,2025-10-22 00:00:00+00:00,1.0001,325236321.6612076,kraken
USDT,2025-10-23,2025-10-23 00:00:00+00:00,1.00021,263691528.6662211,kraken
USDT,2025-10-24,2025-10-24 00:00:00+00:00,1.00015,219194731.8043596,kraken
USDT,2025-10-25,2025-10-25 00:00:00+00:00,1.00014,54334153.97684366,kraken
USDT,2025-10-26,2025-10-26 00:00:00+00:00,0.99999,88945204.97077017,kraken
USDT,2025-10-27,2025-10-27 00:00:00+00:00,0.99996,244198633.75546128,kraken
USDT,2025-10-28,2025-10-28 00:00:00+00:00,1.00008,169661781.64154145,kraken
USDT,2025-10-29,2025-10-29 00:00:00+00:00,1.00003,207914590.5497405,kraken
USDT,2025-10-30,2025-10-30 00:00:00+00:00,0.99981,246208708.4645089,kraken
USDT,2025-10-31,2025-10-31 00:00:00+00:00,0.99955,310320491.92888826,kraken
USDT,2025-11-01,2025-11-01 00:00:00+00:00,0.99958,58272981.60491833,kraken
USDT,2025-11-02,2025-11-02 00:00:00+00:00,0.99982,116065862.26381312,kraken
USDT,2025-11-03,2025-11-03 00:00:00+00:00,0.99971,210475852.89214084,kraken
USDT,2025-11-04,2025-11-04 00:00:00+00:00,0.9998,285157312.6393001,kraken
USDT,2025-11-05,2025-11-05 00:00:00+00:00,0.99985,251479490.0091377,kraken
USDT,2025-11-06,2025-11-06 00:00:00+00:00,0.99944,231912445.11389223,kraken
USDT,2025-11-07,2025-11-07 00:00:00+00:00,0.99959,334926056.56607616,kraken
USDT,2025-11-08,2025-11-08 00:00:00+00:00,0.9996,70404755.5733509,kraken
USDT,2025-11-09,2025-11-09 00:00:00+00:00,0.99969,48875307.15587117,kraken
USDT,2025-11-10,2025-11-10 00:00:00+00:00,0.99955,225032302.73144308,kraken
USDT,2025-11-11,2025-11-11 00:00:00+00:00,0.99951,94799794.2668518,kraken
USDT,2025-11-12,2025-11-12 00:00:00+00:00,0.99978,163353348.80033693,kraken
USDT,2025-11-13,2025-11-13 00:00:00+00:00,0.99926,172762232.10416308,kraken
USDT,2025-11-14,2025-11-14 00:00:00+00:00,0.9991,219838889.86483857,kraken
USDT,2025-11-15,2025-11-15 00:00:00+00:00,0.99928,42017049.97906308,kraken
USDT,2025-11-16,2025-11-16 00:00:00+00:00,0.9992,41248033.80272002,kraken
USDT,2025-11-17,2025-11-17 00:00:00+00:00,0.99881,256907019.9810725,kraken
USDT,2025-11-18,2025-11-18 00:00:00+00:00,0.99941,195875232.87054005,kraken
USDT,2025-11-19,2025-11-19 00:00:00+00:00,0.99887,193716487.25972635,kraken
USDT,2025-11-20,2025-11-20 00:00:00+00:00,0.99881,260650463.95884696,kraken
USDT,2025-11-21,2025-11-21 00:00:00+00:00,0.99928,252854939.60868892,kraken
USDT,2025-11-22,2025-11-22 00:00:00+00:00,0.99936,53688011.61840163,kraken
USDT,2025-11-23,2025-11-23 00:00:00+00:00,0.99959,33598565.02681459,kraken
USDT,2025-11-24,2025-11-24 00:00:00+00:00,0.99963,189989915.13591784,kraken
USDT,2025-11-25,2025-11-25 00:00:00+00:00,0.99954,219466469.6885536,kraken
USDT,2025-11-26,2025-11-26 00:00:00+00:00,0.9998,215369177.7036872,kraken
USDT,2025-11-27,2025-11-27 00:00:00+00:00,0.99978,95715278.39153902,kraken
USDT,2025-11-28,2025-11-28 00:00:00+00:00,1.0,163120249.707429,kraken
USDT,2025-11-29,2025-11-29 00:00:00+00:00,1.00014,41895282.56123088,kraken
USDT,2025-11-30,2025-11-30 00:00:00+00:00,1.00004,85936206.22210385,kraken
USDT,2025-12-01,2025-12-01 00:00:00+00:00,0.99991,213530428.28770527,kraken
USDT,2025-12-02,2025-12-02 00:00:00+00:00,1.00023,153959928.94909564,kraken
USDT,2025-12-03,2025-12-03 00:00:00+00:00,1.00009,211018651.22834,kraken
USDT,2025-12-04,2025-12-04 00:00:00+00:00,1.00009,205226379.5596626,kraken
USDT,2025-12-05,2025-12-05 00:00:00+00:00,1.00003,218218277.86106336,kraken
USDT,2025-12-06,2025-12-06 00:00:00+00:00,1.00011,52549099.26598619,kraken
USDT,2025-12-07,2025-12-07 00:00:00+00:00,1.0001,34183628.7945269,kraken
USDT,2025-12-08,2025-12-08 00:00:00+00:00,1.00003,185357071.4969549,kraken
USDT,2025-12-09,2025-12-09 00:00:00+00:00,1.00005,183301194.2382816,kraken
USDT,2025-12-10,2025-12-10 00:00:00+00:00,1.00013,125127818.65345104,kraken
USDT,2025-12-11,2025-12-11 00:00:00+00:00,1.00013,186022052.6791069,kraken
USDT,2025-12-12,2025-12-12 00:00:00+00:00,1.0001,138956979.33485276,kraken
USDT,2025-12-13,2025-12-13 00:00:00+00:00,1.00003,23248963.69876539,kraken
USDT,2025-12-14,2025-12-14 00:00:00+00:00,1.00006,26984555.04461922,kraken
USDT,2025-12-15,2025-12-15 00:00:00+00:00,0.99987,132077197.4332712,kraken
USDT,2025-12-16,2025-12-16 00:00:00+00:00,0.99981,106200431.65435132,kraken
USDT,2025-12-17,2025-12-17 00:00:00+00:00,0.99963,123158616.3018686,kraken
USDT,2025-12-18,2025-12-18 00:00:00+00:00,0.9994,122711889.1709902,kraken
USDT,2025-12-19,2025-12-19 00:00:00+00:00,0.9994,158592674.6565621,kraken
USDT,2025-12-20,2025-12-20 00:00:00+00:00,0.99959,35719617.58498612,kraken
USDT,2025-12-21,2025-12-21 00:00:00+00:00,0.99969,28022119.24135612,kraken
USDT,2025-12-22,2025-12-22 00:00:00+00:00,0.99932,199929465.97884652,kraken
USDT,2025-12-23,2025-12-23 00:00:00+00:00,0.99934,232763678.50324425,kraken
USDT,2025-12-24,2025-12-24 00:00:00+00:00,0.99926,145780407.17381147,kraken
USDT,2025-12-25,2025-12-25 00:00:00+00:00,0.99932,44895872.06196517,kraken
USDT,2025-12-26,2025-12-26 00:00:00+00:00,0.99919,120078173.08724315,kraken
USDT,2025-12-27,2025-12-27 00:00:00+00:00,0.99926,28201034.64948253,kraken
USDT,2025-12-28,2025-12-28 00:00:00+00:00,0.99917,36437482.18659266,kraken
USDT,2025-12-29,2025-12-29 00:00:00+00:00,0.99879,309806259.13429844,kraken
USDT,2025-12-30,2025-12-30 00:00:00+00:00,0.9988,224834195.45764068,kraken
USDT,2025-12-31,2025-12-31 00:00:00+00:00,0.99848,116409706.39501764,kraken
USDT,2026-01-01,2026-01-01 00:00:00+00:00,0.99861,84758712.18653268,kraken
USDT,2026-01-02,2026-01-02 00:00:00+00:00,0.99945,226852301.66656303,kraken
USDT,2026-01-03,2026-01-03 00:00:00+00:00,0.9995,55547868.97255301,kraken
USDT,2026-01-04,2026-01-04 00:00:00+00:00,0.99952,61863567.21058957,kraken
USDT,2026-01-05,2026-01-05 00:00:00+00:00,0.9999,225208921.4076166,kraken
USDT,2026-01-06,2026-01-06 00:00:00+00:00,0.99953,157979623.51896852,kraken
USDT,2026-01-07,2026-01-07 00:00:00+00:00,0.99896,104575372.66394432,kraken
USDT,2026-01-08,2026-01-08 00:00:00+00:00,0.99906,176767608.3586671,kraken
USDT,2026-01-09,2026-01-09 00:00:00+00:00,0.99866,182762886.42143464,kraken
USDT,2026-01-10,2026-01-10 00:00:00+00:00,0.99853,27927195.90486558,kraken
USDT,2026-01-11,2026-01-11 00:00:00+00:00,0.99853,46384400.32642939,kraken
USDT,2026-01-12,2026-01-12 00:00:00+00:00,0.99873,296014267.32962614,kraken
USDT,2026-01-13,2026-01-13 00:00:00+00:00,0.99935,206001728.7383957,kraken
USDT,2026-01-14,2026-01-14 00:00:00+00:00,0.99989,267697640.65054756,kraken
USDT,2026-01-15,2026-01-15 00:00:00+00:00,0.99965,180947211.74414933,kraken
USDT,2026-01-16,2026-01-16 00:00:00+00:00,0.99951,214086392.8560214,kraken
USDT,2026-01-17,2026-01-17 00:00:00+00:00,0.99954,28377497.31547149,kraken
USDT,2026-01-18,2026-01-18 00:00:00+00:00,0.99955,52805797.7400097,kraken
USDT,2026-01-19,2026-01-19 00:00:00+00:00,0.99932,118938040.48620072,kraken
USDT,2026-01-20,2026-01-20 00:00:00+00:00,0.99879,238537763.40715504,kraken
USDT,2026-01-21,2026-01-21 00:00:00+00:00,0.99903,265430803.26284236,kraken
USDT,2026-01-22,2026-01-22 00:00:00+00:00,0.99896,173271390.1489988,kraken
USDT,2026-01-23,2026-01-23 00:00:00+00:00,0.99864,194235250.08360305,kraken
USDT,2026-01-24,2026-01-24 00:00:00+00:00,0.99841,67608336.78194948,kraken
USDT,2026-01-25,2026-01-25 00:00:00+00:00,0.99884,69922682.24255379,kraken
USDT,2026-01-26,2026-01-26 00:00:00+00:00,0.99885,202818939.4947868,kraken
USDT,2026-01-27,2026-01-27 00:00:00+00:00,0.99862,154068349.62286583,kraken
USDT,2026-01-28,2026-01-28 00:00:00+00:00,0.99841,169650971.4180845,kraken
USDT,2026-01-29,2026-01-29 00:00:00+00:00,0.99829,157104361.48272353,kraken
USDT,2026-01-30,2026-01-30 00:00:00+00:00,0.99837,209633538.0076844,kraken
USDT,2026-01-31,2026-01-31 00:00:00+00:00,0.99874,161230281.4217399,kraken
USDT,2026-02-01,2026-02-01 00:00:00+00:00,0.99891,50579656.51545367,kraken
USDT,2026-02-02,2026-02-02 00:00:00+00:00,0.99904,206702374.17515737,kraken
USDT,2026-02-03,2026-02-03 00:00:00+00:00,0.99846,173758151.6213464,kraken
USDT,2026-02-04,2026-02-04 00:00:00+00:00,0.99785,293717458.64883024,kraken
USDT,2026-02-05,2026-02-05 00:00:00+00:00,0.99814,469147744.54305625,kraken
USDT,2026-02-06,2026-02-06 00:00:00+00:00,0.99938,372557550.76118624,kraken
USDT,2026-02-07,2026-02-07 00:00:00+00:00,0.99928,89754197.47497047,kraken
USDT,2026-02-08,2026-02-08 00:00:00+00:00,0.99937,38245034.34649612,kraken
USDT,2026-02-09,2026-02-09 00:00:00+00:00,0.9994,198615493.129522,kraken
USDT,2026-02-10,2026-02-10 00:00:00+00:00,0.9994,292000297.34201497,kraken
USDT,2026-02-11,2026-02-11 00:00:00+00:00,0.99924,337250242.0952419,kraken
USDT,2026-02-12,2026-02-12 00:00:00+00:00,0.99919,243850669.200396,kraken
USDT,2026-02-13,2026-02-13 00:00:00+00:00,0.99941,181244266.04713893,kraken
USDT,2026-02-14,2026-02-14 00:00:00+00:00,0.99941,53709759.23993675,kraken
USDT,2026-02-15,2026-02-15 00:00:00+00:00,0.99941,33716947.22091408,kraken
USDT,2026-02-16,2026-02-16 00:00:00+00:00,0.99948,79399255.58699141,kraken
USDT,2026-02-17,2026-02-17 00:00:00+00:00,0.99951,128105968.46884948,kraken
